,Branch length stretch,date,geoloc,numdate
NODE_0000000,0.6394974540660742,,,2019.7546500316444
NODE_0000002,1.1495635571774572,,,2019.9464348319234
NODE_0000003,0.5262504659373646,,,2019.9908646958938
NODE_0000011,2.0,,,2020.065228148457
NODE_0000014,1.601006748258776,,,2020.08011983057
NODE_0000015,0.9872179479358044,,,2020.000784246248
NODE_0000017,1.1873844437847647,,,2019.8877061960466
NODE_0000032,1.4157879084145182,,,2019.9908646958938
NODE_0000035,1.60069124769546,,,2019.9095246785982
NODE_0000038,0.9817475869035702,,,2019.8375141349145
NODE_0000040,0.7411141163131869,,,2019.9000773617595
NODE_0000041,0.7195147833439335,,,2020.0201175384334
NODE_0000043,1.4734688264996962,,,2019.8790375635633
NODE_0000044,2.0,,,2020.1196033015585
NODE_0000047,0.0,,,2019.8790375635633
NODE_0000049,1.3249605976931913,,,2019.9908646958938
NODE_0000052,0.9850720987937406,,,2019.919006814127
NODE_0000054,1.8256597901479061,,,2020.0426902579638
NODE_0000059,0.7917854557411186,,,2019.8647867910067
NODE_0000060,1.138624851745114,,,2020.1487263351728
NODE_0000064,1.5766210036361854,,,2019.9332308290154
NODE_0000071,1.6483861453521287,,,2019.984386500635
NODE_0000073,1.1954098260986814,,,2019.855540699736
NODE_0000080,1.022191679822218,,,2019.840948003592
NODE_0000089,0.5367092659621676,,,2019.7999469998235
NODE_0000091,1.3404696876738287,,,2019.9783232330174
NODE_0000092,1.8546862039596912,,,2020.1414692586934
NODE_0000099,0.8150851045183288,,,2020.047116931348
NODE_0000100,0.4440785289476095,,,2020.157858173675
NODE_0000105,1.672134443828659,,,2020.0110190811433
NODE_0000106,0.46214954739749164,,,2019.984386500635
NODE_0000107,2.0,,,2020.157858173675
NODE_0000123,1.4019062977716228,,,2020.0397343544234
NODE_0000127,0.0,,,2019.7546500316444
NODE_0000131,0.4095210542694025,,,2019.856744638219
NODE_0000133,0.29095153595691076,,,2019.8813007141096
NODE_0000134,0.9124824046654145,,,2020.0057998059601
NODE_0000135,0.4381843425222794,,,2020.0427848744707
NODE_0000136,0.30554648367169035,,,2020.169374965246
NODE_0000141,1.028555055378988,,,2020.092615274927
NODE_0000156,0.9674379198880676,,,2020.1636165694606
NODE_0000159,0.7443748563734872,,,2020.1283422557638
NODE_0000161,0.25464724842688014,,,2019.9448124485398
NODE_0000163,0.8699573742066828,,,2020.0892488784384
NODE_0000177,1.0758173547492587,,,2020.1120409363166
NODE_0000178,0.9850736204032379,,,2020.1166730418
NODE_0000184,0.9623529586014121,,,2020.1549789757823
NODE_0000186,0.9037731001935018,,,2020.0974990807904
NODE_0000190,0.6021815072219404,,,2020.1979820295655
NODE_0000193,0.9675698897005132,,,2020.1607373715678
NODE_0000199,1.0438650024653275,,,2020.1216586184178
NODE_0000200,0.49709385248266214,,,2020.1636165694606
NODE_0000202,0.6675817044583452,,,2020.1663108757787
NODE_0000216,1.150806203086872,,,2020.1392290523904
NODE_0000221,1.0533026415776774,,,2020.0791983955694
NODE_0000223,0.2344284195697387,,,2019.9645985015507
NODE_0000228,1.5682372301852863,,,2020.1173149643291
NODE_0000235,0.0,,,2019.9645985015507
NODE_0000236,0.32741135016848427,,,2020.0192524171903
NODE_0000237,0.0,,,2020.0192524171903
NODE_0000246,0.9765333014065377,,,2020.1467782310804
NODE_0000248,0.47239155049501397,,,2020.1866501526029
NODE_0000253,1.7229122777452133,,,2020.116694485916
NODE_0000256,1.6512873797428278,,,2020.117499388461
NODE_0000274,0.9588716632463107,,,2020.1430923609378
NODE_0000280,0.8786029580663766,,,2020.081079487373
NODE_0000291,0.5669733459521776,,,2020.1289362829841
NODE_0000297,0.684553311018213,,,2019.9390814124342
NODE_0000302,1.2768412519705186,,,2020.1520997778894
NODE_0000303,0.3629305850199699,,,2019.9697147150744
NODE_0000304,0.3104839933106612,,,2019.995921599456
NODE_0000305,0.0,,,2019.995921599456
NODE_0000306,0.30539818161428367,,,2020.072059691894
NODE_0000307,0.5250474388430739,,,2020.083564266056
NODE_0000308,0.0,,,2019.8813007141096
NODE_0000310,1.1508034790106523,,,2020.147729017692
NODE_0000312,0.0,,,2019.8813007141096
NODE_0000314,0.6567156664895237,,,2019.9908646958938
NODE_0000321,1.0860192140413039,,,2019.9729677144314
NODE_0000326,0.9668696088540949,,,2020.1636165694606
NODE_0000340,0.44914079194893713,,,2020.1418103523868
NODE_0000341,0.32647879974717786,,,2020.169374965246
NODE_0000347,0.8933031685518299,,,2020.0804650950763
NODE_0000349,0.48110325225100087,,,2020.1607373715678
NODE_0000351,0.9678651175966737,,,2020.1751333610318
NODE_0000353,0.9339001063314191,,,2020.1157599341357
NODE_0000355,0.9542618076344803,,,2019.9618465133692
NODE_0000357,0.8259062639169211,,,2020.0315532306324
NODE_0000358,0.0,,,2020.0315532306324
NODE_0000361,0.9671133779140365,,,2020.1722541631389
NODE_0000366,0.8795841341369127,,,2020.0360836577356
NODE_0000367,0.0,,,2020.0360836577356
NODE_0000371,0.966743765904947,,,2020.1895293504956
NODE_0000372,0.517020074377349,,,2020.0054831507439
NODE_0000379,1.344241193770539,,,2020.1189484774777
NODE_0000382,0.7490132245184173,,,2020.0687007321771
NODE_0000383,0.9666186536842175,,,2020.198166944174
NODE_0000384,0.0,,,2020.0054831507439
NODE_0000388,1.7259422692997122,,,2020.1511672767901
NODE_0000405,0.3439049084925767,,,2020.0345088143717
NODE_0000411,0.521086863385414,,,2020.0494672895165
NODE_0000415,0.0,,,2020.0494672895165
NODE_0000417,0.0,,,2020.0494672895165
NODE_0000430,0.20701001180916542,,,2020.1524167805014
NODE_0000435,1.711252283666668,,,2020.0590016111603
NODE_0000439,1.6315507737571637,,,2019.8923502947641
NODE_0000442,0.8278250574107869,,,2019.96222336534
NODE_0000443,1.29444640610758,,,2020.0714822368918
NODE_0000445,0.0,,,2019.96222336534
NODE_0000447,1.6949768031584853,,,2019.897703349709
NODE_0000451,1.5702063444808285,,,2019.9584016657027
NODE_0000452,0.3816652197758429,,,2019.7868643671904
NODE_0000458,0.9185426701395376,,,2019.93943626498
NODE_0000463,0.49940999471900344,,,2020.146341382104
NODE_0000466,0.9669377698982878,,,2020.0828141196127
NODE_0000469,0.9026248468556036,,,2019.9374612747113
NODE_0000470,0.9425950000273835,,,2020.048263739141
NODE_0000475,0.0,,,2019.870732962328
NODE_0000481,1.4038977492024194,,,2019.9053598555602
NODE_0000483,1.0694225927629641,,,2020.0837899598357
NODE_0000485,1.0292471308720919,,,2020.1351909127363
NODE_0000487,0.5918923268107311,,,2019.9553147275844
NODE_0000490,0.8125103580061511,,,2020.0908796930537
NODE_0000494,0.691255957651879,,,2020.1492205799966
NODE_0000497,0.0,,,2019.9553147275844
NODE_0000498,0.8717337248851857,,,2020.0288877832324
NODE_0000499,0.9506277997646415,,,2020.109118318418
NODE_0000500,0.5832174538461399,,,2020.1583398133098
NODE_0000502,0.7194359866671562,,,2020.0160340761322
NODE_0000504,0.9677100394589565,,,2020.1636165694606
NODE_0000506,0.9674127305045457,,,2020.2039253399596
NODE_0000509,0.4539600233066944,,,2020.0543504602704
NODE_0000510,0.3675726305346315,,,2020.085372699624
NODE_0000511,0.0,,,2020.085372699624
NODE_0000513,0.9348298435805381,,,2020.1642707918272
NODE_0000517,0.6612254894993911,,,2020.1808917568173
NODE_0000527,1.5995384355222535,,,2019.8965640908682
NODE_0000528,0.7982156518921963,,,2020.0297741674187
NODE_0000529,0.44080894346981103,,,2020.103326388549
NODE_0000531,2.0,,,2020.0718631076586
NODE_0000532,0.6436210751428301,,,2020.1261869968546
NODE_0000534,1.5050345044020985,,,2019.9655639402663
NODE_0000536,0.6229830357765902,,,2020.0181471631513
NODE_0000543,0.3989913984886088,,,2020.0518218046172
NODE_0000549,0.9481814030286885,,,2019.7006734547588
NODE_0000552,0.6504931691402017,,,2019.8628552349949
NODE_0000553,0.0,,,2019.8628552349949
NODE_0000558,0.4867723213668995,,,2019.9039380594438
NODE_0000559,0.7279291724540353,,,2020.0854145951162
NODE_0000560,0.0,,,2019.8628552349949
NODE_0000561,0.0,,,2019.8628552349949
NODE_0000563,0.9957064574319769,,,2020.157858173675
NODE_0000568,0.7468728851769378,,,2020.04903645931
NODE_0000571,1.2676777271519564,,,2020.0743614347844
NODE_0000572,1.6392499181309486,,,2020.108962279262
NODE_0000576,0.7518525748522282,,,2019.9263152084393
NODE_0000577,0.7625276674318434,,,2020.0535362572869
NODE_0000578,0.7210890710556925,,,2019.983165531116
NODE_0000585,0.7007084940965045,,,2020.157858173675
NODE_0000593,1.023839912977276,,,2020.0404137657142
NODE_0000594,0.0,,,2020.0404137657142
NODE_0000596,0.7789678672742489,,,2019.9592221715955
NODE_0000611,1.2553326066248673,,,2020.1204286010689
NODE_0000631,1.4409671881167327,,,2019.9410740030994
NODE_0000634,0.8982215392431111,,,2019.9775880383283
NODE_0000638,0.6882324034628743,,,2020.092417606812
NODE_0000639,1.1284503769152674,,,2019.7158878854996
NODE_0000641,0.4361265792712648,,,2019.7526990091221
NODE_0000643,0.7134506756047341,,,2019.9047965217192
NODE_0000647,1.297409441125945,,,2020.0142969407407
NODE_0000663,0.9438500050128747,,,2019.9539939261053
NODE_0000666,0.9668823802911486,,,2019.9937426093004
NODE_0000669,0.9211130391286998,,,2020.0714822368918
NODE_0000670,1.2028555034186112,,,2019.854245511678
NODE_0000671,0.7266085988446412,,,2020.0953198827333
NODE_0000673,0.6386166035836731,,,2020.1492205799966
NODE_0000684,1.12074406372032,,,2019.939170528489
NODE_0000686,0.0,,,2019.939170528489
NODE_0000689,0.0,,,2019.7526990091221
NODE_0000690,1.127970393335675,,,2019.9408956229943
NODE_0000693,0.0,,,2019.7526990091221
NODE_0000694,0.0,,,2019.7526990091221
NODE_0000695,0.0,,,2019.7526990091221
NODE_0000696,1.2683946350105377,,,2019.9643456365886
NODE_0000706,1.0894255539768574,,,2020.0562938423627
NODE_0000708,1.0176307256558508,,,2020.1421907933368
NODE_0000711,1.3829426097828996,,,2019.983433656808
NODE_0000720,1.0984473119259728,,,2020.0278511579693
NODE_0000722,1.2471247709841915,,,2020.1664957673536
NODE_0000732,0.0,,,2019.7526990091221
NODE_0000733,0.4076509332174937,,,2019.8543503388792
NODE_0000739,0.0,,,2019.8543503388792
NODE_0000740,0.7106553345885085,,,2020.0315297510933
NODE_0000741,2.0,,,2020.0269383361692
NODE_0000748,0.7328285841892418,,,2019.948350371185
NODE_0000760,0.3386050892283159,,,2019.7812767344558
NODE_0000765,0.0,,,2019.7812767344558
NODE_0000766,1.7912526987434603,,,2020.08011983057
NODE_0000767,0.0,,,2019.7812767344558
NODE_0000768,2.0,,,2020.1664957673536
NODE_0000769,0.6157513877640548,,,2019.884013104679
NODE_0000770,0.8140499265476173,,,2019.9527368539252
NODE_0000779,0.7101838166416782,,,2020.0126766841981
NODE_0000781,0.0,,,2020.0126766841981
NODE_0000783,0.37587369737016213,,,2020.044403717657
NODE_0000786,1.1936905282055303,,,2020.0534837889982
NODE_0000792,0.665743398816875,,,2020.0638059351404
NODE_0000795,0.6207385118095744,,,2020.0563063937932
NODE_0000796,0.0,,,2020.0563063937932
NODE_0000799,0.383913466555572,,,2020.18377095471
NODE_0000801,0.9611572184609084,,,2020.1895293504956
NODE_0000810,1.062425055642248,,,2019.9737041158596
NODE_0000812,0.0,,,2019.9737041158596
NODE_0000814,0.8806415657235246,,,2020.1206618151778
NODE_0000815,0.8840032749605192,,,2020.195287746281
NODE_0000820,0.3278261300422018,,,2020.0284102427725
NODE_0000821,0.0,,,2020.0284102427725
NODE_0000822,0.43938698970091067,,,2020.0655022958151
NODE_0000831,0.966877494773829,,,2020.1866501526029
NODE_0000836,0.6408414168518403,,,2020.1195894608766
NODE_0000839,0.0,,,2020.0655022958151
NODE_0000843,0.0,,,2020.0655022958151
NODE_0000851,0.9672248219522832,,,2020.1751333610318
NODE_0000853,0.9968565484028966,,,2020.1325534210482
NODE_0000854,0.5044750674795236,,,2020.1751333610318
NODE_0000860,1.3505263076628649,,,2019.9979954313005
NODE_0000867,1.1234155392331129,,,2019.9788284736624
NODE_0000869,0.8303391388262905,,,2020.1248248731254
NODE_0000876,0.9681184587268155,,,2020.1245932305696
NODE_0000885,0.9147126052412252,,,2020.0366298008435
NODE_0000887,0.0,,,2020.0366298008435
NODE_0000890,1.0846518142944412,,,2020.1462967527202
NODE_0000894,0.39358781643976415,,,2020.079797488733
NODE_0000900,0.34574406902716665,,,2020.137485177406
NODE_0000902,0.0,,,2020.137485177406
NODE_0000906,0.999000999000999,,,2019.6206483679393
NODE_0000907,2.0,,,2019.997701656867
NODE_0000908,2.0,,,2020.0599654453206
NODE_0000909,2.0,,,2020.08011983057
NODE_0000910,2.0,,,2020.0540221349268
NODE_0000911,2.0,,,2020.0599654453206
NODE_0000912,2.0,,,2020.068603038999
NODE_0000913,2.0,,,2020.0628446432133
NODE_0000914,2.0,,,2020.0743614347844
NODE_0000915,2.0,,,2020.1490356653885
NODE_0000916,2.0,,,2020.1549789757823
NODE_0000917,2.0,,,2020.1549789757823
NODE_0000918,2.0,,,2020.1490356653885
NODE_0000919,2.0,,,2020.1549789757823
NODE_0000920,2.0,,,2020.169374965246
NODE_0000921,2.0,,,2020.166310852745
NODE_0000922,2.0,,,2020.1808917568173
NODE_0000923,2.0,,,2020.1722541631389
NODE_0000924,2.0,,,2020.0570862474276
NODE_0000925,2.0,,,2020.0741765201763
NODE_0000926,2.0,,,2020.08011983057
NODE_0000927,2.0,,,2020.1895293504956
NODE_0000928,2.0,,,2020.0540221349268
NODE_0000929,2.0,,,2020.068603038999
NODE_0000930,2.0,,,2020.0599654453206
NODE_0000931,2.0,,,2020.0856933146265
NODE_0000932,2.0,,,2020.0916366221413
NODE_0000933,2.0,,,2020.0047628456794
NODE_0000934,2.0,,,2020.010834166535
NODE_0000935,2.0,,,2020.0252301559988
NODE_0000936,2.0,,,2020.0311734663928
NODE_0000937,2.0,,,2020.0167774769288
NODE_0000938,2.0,,,2020.0282942685
NODE_0000939,2.0,,,2020.068603038999
NODE_0000940,0.0,,,2019.8865008164623
NODE_0000941,2.0,,,2019.9908646958938
NODE_0000942,2.0,,,2020.0338677496773
NODE_0000943,2.0,,,2020.0570862474276
NODE_0000944,2.0,,,2020.0741765201763
NODE_0000945,2.0,,,2020.08011983057
NODE_0000946,2.0,,,2020.08011983057
NODE_0000947,2.0,,,2020.039811060071
NODE_0000948,2.0,,,2020.0628446432133
NODE_0000949,2.0,,,2020.1432772696028
NODE_0000950,2.0,,,2020.1492205799966
NODE_0000951,2.0,,,2020.1492205799966
NODE_0000952,2.0,,,2020.0023814874648
NODE_0000953,2.0,,,2020.0624082039715
NODE_0000954,2.0,,,2020.0856933117473
NODE_0000955,2.0,,,2020.0916366221413
NODE_0000956,2.0,,,2020.0684181243905
NODE_0000957,2.0,,,2020.0743614347844
NODE_0000958,2.0,,,2020.0743614347844
NODE_0000959,2.0,,,2020.0365620331465
NODE_0000960,2.0,,,2020.0425053433555
NODE_0000961,2.0,,,2020.0484486537496
NODE_0000962,2.0,,,2020.0599654453206
NODE_0000963,2.0,,,2020.1924085483884
NODE_0000964,2.0,,,2020.1751333610318
NODE_0000965,2.0,,,2020.18377095471
NODE_0000966,2.0,,,2020.18377095471
NODE_0000967,2.0,,,2020.1780125589246
NODE_0000968,2.0,,,2020.195287746281
NODE_0000969,2.0,,,2020.146341382104
NODE_0000970,2.0,,,2020.1051070180938
NODE_0000971,2.0,,,2020.1098350383986
NODE_0000972,0.11207022549684861,,,2020.1100570611106
NODE_0000973,1.3896027961983288,,,2020.1128100080246
NODE_0000974,1.5756732375258662,,,2020.1159315797347
NODE_0000975,2.0,,,2020.1348245905328
NODE_0000976,2.0,,,2020.1547940611738
NODE_0000977,2.0,,,2020.180706842209
NODE_0000978,2.0,,,2020.1924085483884
NODE_0000979,2.0,,,2020.1866501526029
NODE_0000980,2.0,,,2020.1607373715678
NODE_0000981,2.0,,,2020.1922236395385
NODE_0000982,2.0,,,2020.198166944174
NODE_0000983,2.0,,,2020.1215038719029
NODE_0000984,2.0,,,2020.1071059693893
NODE_0000985,2.0,,,2020.1808917568173
NODE_0000986,2.0,,,2020.17469692179
NODE_0000987,2.0,,,2020.1835860401018
NODE_0000988,2.0,,,2020.1924085483884
NODE_0000989,2.0,,,2020.1895293504956
NODE_0000990,2.0,,,2020.180706842209
NODE_0000991,2.0,,,2020.1866501526029
NODE_0000992,2.0,,,2020.1893444358873
NODE_0000993,2.0,,,2020.195287746281
NODE_0000994,0.0,,,2020.0547449168853
NODE_0000995,2.0,,,2020.1722541631389
NODE_0000996,2.0,,,2020.1895293504956
NODE_0000997,2.0,,,2020.0811992232434
NODE_0000998,2.0,,,2020.0872437999765
NODE_0000999,2.0,,,2020.09347925107
NODE_0001000,0.014243067659279508,,,2020.0935074680606
NODE_0001001,2.0,,,2020.1042320594463
NODE_0001002,0.9802755915904359,,,2020.1061740868172
NODE_0001003,1.1247186369745483,,,2020.1084022708055
NODE_0001004,2.0,,,2020.1157424185367
NODE_0001005,2.0,,,2020.1215079937422
NODE_0001006,2.0,,,2020.142561516144
NODE_0001007,2.0,,,2020.1519148632813
NODE_0001008,2.0,,,2020.157858173675
NODE_0001009,2.0,,,2020.177827644316
NODE_0001010,2.0,,,2020.1866501526029
NODE_0001011,2.0,,,2020.195287746281
NODE_0001012,2.0,,,2020.18377095471
NODE_0001013,2.0,,,2020.1979820295655
NODE_0001014,2.0,,,2020.2039253399596
NODE_0001015,2.0,,,2020.1487841407547
NODE_0001016,2.0,,,2020.169190050638
NODE_0001017,2.0,,,2020.1780125589246
NODE_0001018,2.0,,,2020.1751333610318
NODE_0001019,2.0,,,2020.19222363378
NODE_0001020,2.0,,,2020.198166944174
NODE_0001021,2.0,,,2020.198166944174
NODE_0001022,2.0,,,2020.1547940611738
NODE_0001023,2.0,,,2020.1607373715678
NODE_0001024,2.0,,,2020.1607373715678
NODE_0001025,2.0,,,2020.1864652379945
NODE_0001026,2.0,,,2020.1924085483884
NODE_0001027,2.0,,,2020.1924085483884
NODE_0001028,2.0,,,2020.0655389264978
NODE_0001029,2.0,,,2020.0714822368918
NODE_0001030,2.0,,,2020.0366741761716
NODE_0001031,1.0829078558316938,,,2020.0388195286766
NODE_0001032,2.0,,,2019.9584439242008
NODE_0001033,2.0,,,2020.0160371415245
NODE_0001034,2.0,,,2020.0219806802575
NODE_0001035,2.0,,,2020.0279242220581
NODE_0001036,2.0,,,2020.0338677496773
NODE_0001037,2.0,,,2020.039811060071
NODE_0001038,2.0,,,2020.08011983057
NODE_0001039,2.0,,,2020.114485290675
NODE_0001040,2.0,,,2020.1204286010689
NODE_0001041,2.0,,,2020.1520997778894
NODE_0001042,2.0,,,2020.0783189716537
NODE_0001043,2.0,,,2020.0741765201763
NODE_0001044,2.0,,,2020.105131943538
NODE_0001045,2.0,,,2020.114485290675
NODE_0001046,2.0,,,2020.1204286010689
NODE_0001047,2.0,,,2020.1204286010689
NODE_0001048,2.0,,,2020.1113545681487
NODE_0001049,2.0,,,2020.1173644885678
NODE_0001050,2.0,,,2020.1233077989618
NODE_0001051,2.0,,,2020.1233077989618
NODE_0001052,2.0,,,2020.1173644885678
NODE_0001053,2.0,,,2020.1233077989618
NODE_0001054,2.0,,,2020.1233077989618
NODE_0001055,2.0,,,2020.08011983057
NODE_0001056,2.0,,,2020.1080111414308
NODE_0001057,2.0,,,2020.1143003791308
NODE_0001058,2.0,,,2020.1204286010689
NODE_0001059,2.0,,,2020.1202436864605
NODE_0001060,2.0,,,2020.1261869968546
NODE_0001061,2.0,,,2020.1142337660415
NODE_0001062,2.0,,,2020.1202436864605
NODE_0001063,2.0,,,2020.1261869968546
NODE_0001064,2.0,,,2020.1261869968546
NODE_0001065,2.0,,,2020.1202436864605
NODE_0001066,2.0,,,2020.1261869968546
NODE_0001067,2.0,,,2020.1261869968546
NODE_0001068,2.0,,,2019.984386500635
NODE_0001069,2.0,,,2020.0599654453206
NODE_0001070,2.0,,,2020.1031534137123
NODE_0001071,2.0,,,2020.0309885546637
NODE_0001072,2.0,,,2020.0513278516423
NODE_0001073,2.0,,,2020.0369318621783
NODE_0001074,2.0,,,2020.0005745320361
NODE_0001075,2.0,,,2020.0513278516423
NODE_0001076,2.0,,,2020.169374965246
NODE_0001077,2.0,,,2020.0513278516423
NODE_0001078,2.0,,,2020.0916366221413
NODE_0001079,2.0,,,2020.1002742158196
NODE_0001080,2.0,,,2019.9908646958938
NODE_0001081,2.0,,,2020.0754386446793
NODE_0001082,2.0,,,2020.086948190515
NODE_0001083,2.0,,,2020.1490356797844
NODE_0001084,2.0,,,2020.1549789757823
NODE_0001085,2.0,,,2020.106032611605
NODE_0001086,2.0,,,2020.1202436950982
NODE_0001087,2.0,,,2020.1261869968546
NODE_0001088,2.0,,,2020.1143003762515
NODE_0001089,2.0,,,2020.1233077989618
NODE_0001090,2.0,,,2020.1202436864605
NODE_0001091,2.0,,,2020.1261869968546
NODE_0001092,2.0,,,2019.8698936214946
NODE_0001093,2.0,,,2019.8758371177678
NODE_0001094,2.0,,,2019.8817806141965
NODE_0001095,2.0,,,2019.888560584566
NODE_0001096,2.0,,,2019.89518940659
NODE_0001097,2.0,,,2019.9017684683547
NODE_0001098,2.0,,,2019.907711961948
NODE_0001099,2.0,,,2019.9145746686986
NODE_0001100,2.0,,,2020.1434621842113
NODE_0001101,2.0,,,2019.9214068843253
NODE_0001102,2.0,,,2020.0828141426464
NODE_0001103,2.0,,,2020.1031534137123
NODE_0001104,2.0,,,2020.0887574242483
NODE_0001105,2.0,,,2019.9273503860402
NODE_0001106,2.0,,,2019.933293887915
NODE_0001107,2.0,,,2019.9392373842416
NODE_0001108,2.0,,,2019.9451808864865
NODE_0001109,2.0,,,2019.9511243890036
NODE_0001110,2.0,,,2019.9570678599728
NODE_0001111,2.0,,,2019.96301133686
NODE_0001112,2.0,,,2019.969062569952
NODE_0001113,2.0,,,2019.9784431902413
NODE_0001114,2.0,,,2019.984386500635
NODE_0001115,2.0,,,2019.984386500635
NODE_0001116,2.0,,,2019.9751506731277
NODE_0001117,2.0,,,2019.9813223917329
NODE_0001118,2.0,,,2019.9937438937868
NODE_0001119,2.0,,,2019.9872656985278
NODE_0001120,2.0,,,2019.984386500635
NODE_0001121,2.0,,,2020.0050757707493
NODE_0001122,2.0,,,2020.0110190811433
NODE_0001123,2.0,,,2020.0254150706073
NODE_0001124,2.0,,,2020.0426902579638
NODE_0001125,2.0,,,2020.0542070495349
NODE_0001126,2.0,,,2020.0309885517845
NODE_0001127,2.0,,,2020.0369318621783
NODE_0001128,2.0,,,2020.0513278516423
NODE_0001129,2.0,,,2020.0396261454628
NODE_0001130,2.0,,,2020.0455694558566
NODE_0001131,2.0,,,2020.0570862474276
NODE_0001132,2.0,,,2020.0540221349268
NODE_0001133,2.0,,,2020.0599654453206
NODE_0001134,2.0,,,2020.0626597343635
NODE_0001135,2.0,,,2020.068603038999
NODE_0001136,2.0,,,2020.0856933117473
NODE_0001137,2.0,,,2020.1031534137123
NODE_0001138,2.0,,,2020.1231228843533
NODE_0001139,2.0,,,2020.129066194747
NODE_0001140,2.0,,,2020.129066194747
NODE_0001141,2.0,,,2020.0916366221413
NODE_0001142,2.0,,,2020.1202436864605
NODE_0001143,2.0,,,2020.1348245905328
NODE_0001144,2.0,,,2020.1261869968546
NODE_0001145,2.0,,,2020.1377037884256
NODE_0001146,2.0,,,2020.0743614347844
NODE_0001147,2.0,,,2019.870732962328
NODE_0001148,2.0,,,2019.9746697205385
NODE_0001149,2.0,,,2019.9919367519808
NODE_0001150,2.0,,,2020.0005743456593
NODE_0001151,1.457010094159161,,,2020.003460833405
NODE_0001152,2.0,,,2019.967991168913
NODE_0001153,0.3599891390468524,,,2019.9687043446436
NODE_0001154,2.0,,,2020.0542070495349
NODE_0001155,2.0,,,2020.0542070495349
NODE_0001156,2.0,,,2020.068603038999
NODE_0001157,2.0,,,2019.9833064481554
NODE_0001158,2.0,,,2019.9968264036781
NODE_0001159,2.0,,,2020.001206025706
NODE_0001160,2.0,,,2020.0887574242483
NODE_0001161,2.0,,,2020.0483175617478
NODE_0001162,2.0,,,2020.157858173675
NODE_0001163,2.0,,,2020.1808917568173
NODE_0001164,2.0,,,2020.1461564674955
NODE_0001165,2.0,,,2020.1520997778894
NODE_0001166,2.0,,,2020.1722541631389
NODE_0001167,2.0,,,2020.1664957673536
NODE_0001168,2.0,,,2020.1808917568173
NODE_0001169,2.0,,,2020.1895293504956
NODE_0001170,2.0,,,2020.1636165694606
NODE_0001171,2.0,,,2020.1549789757823
NODE_0001172,2.0,,,2020.0869414760325
NODE_0001173,2.0,,,2020.146341382104
NODE_0001174,2.0,,,2020.169374965246
NODE_0001175,2.0,,,2020.1520997778894
NODE_0001176,2.0,,,2020.08011983057
NODE_0001177,2.0,,,2020.1722541631389
NODE_0001178,2.0,,,2020.198166944174
NODE_0001179,2.0,,,2020.0506006924325
NODE_0001180,2.0,,,2020.08011983057
NODE_0001181,2.0,,,2020.1128667112755
NODE_0001182,2.0,,,2020.1866501526029
NODE_0001183,2.0,,,2019.9849213854998
NODE_0001184,2.0,,,2020.1722541631389
NODE_0001185,2.0,,,2019.9908646958938
NODE_0001186,2.0,,,2020.0812035053962
NODE_0001187,0.40827712180175674,,,2020.0820123446165
NODE_0001188,0.0,,,2020.0820123446165
NODE_0001189,1.1098786116574313,,,2020.0842111289794
NODE_0001190,2.0,,,2020.0984664650819
NODE_0001191,2.0,,,2020.104231932928
NODE_0001192,2.0,,,2020.109982073533
NODE_0001193,2.0,,,2020.1359019883023
NODE_0001194,2.0,,,2020.1490356653885
NODE_0001195,2.0,,,2020.1549789757823
NODE_0001196,2.0,,,2020.1664957673536
NODE_0001197,2.0,,,2020.1574217344332
NODE_0001198,2.0,,,2020.166310852745
NODE_0001199,2.0,,,2020.1722541631389
NODE_0001200,2.0,,,2020.1722541631389
NODE_0001201,2.0,,,2020.1634316548523
NODE_0001202,2.0,,,2020.169374965246
NODE_0001203,2.0,,,2020.169374965246
NODE_0001204,0.936395615005931,,,2020.0069250070976
NODE_0001205,2.0,,,2020.1603009323258
NODE_0001206,2.0,,,2020.177827644316
NODE_0001207,2.0,,,2020.18377095471
NODE_0001208,2.0,,,2020.166310852745
NODE_0001209,2.0,,,2020.1780125589246
NODE_0001210,2.0,,,2020.1722541631389
NODE_0001211,2.0,,,2020.0369383499624
NODE_0001212,2.0,,,2020.1776427385303
NODE_0001213,2.0,,,2020.1866501526029
NODE_0001214,2.0,,,2020.1835860401018
NODE_0001215,2.0,,,2020.1895293504956
NODE_0001216,2.0,,,2020.0621574309412
NODE_0001217,2.0,,,2020.1490356653885
NODE_0001218,2.0,,,2020.1549789757823
NODE_0001219,2.0,,,2020.1663108585033
NODE_0001220,2.0,,,2020.1808917568173
NODE_0001221,2.0,,,2020.1722541631389
NODE_0001222,2.0,,,2020.0819586220628
NODE_0001223,0.42662187248982053,,,2020.0828038041325
NODE_0001224,2.0,,,2020.0869556241248
NODE_0001225,2.0,,,2020.0934462002165
NODE_0001226,0.0,,,2020.0934462002165
NODE_0001227,2.0,,,2020.1098421174256
NODE_0001228,0.506135005978312,,,2020.1108448232396
NODE_0001229,2.0,,,2020.1348245905328
NODE_0001230,2.0,,,2020.1432772696028
NODE_0001231,2.0,,,2020.1492205799966
NODE_0001232,2.0,,,2020.1607373715678
NODE_0001233,2.0,,,2020.1605524569595
NODE_0001234,2.0,,,2020.1722541631389
NODE_0001235,2.0,,,2020.1664957673536
NODE_0001236,2.0,,,2020.1864652379945
NODE_0001237,2.0,,,2020.1924085483884
NODE_0001238,2.0,,,2020.1607373715678
NODE_0001239,2.0,,,2020.1664957673536
NODE_0001240,2.0,,,2020.186465258149
NODE_0001241,2.0,,,2020.1924085483884
NODE_0001242,2.0,,,2020.0984653884677
NODE_0001243,2.0,,,2020.1071092987283
NODE_0001244,2.0,,,2020.1165643217494
NODE_0001245,2.0,,,2020.1545425365405
NODE_0001246,2.0,,,2020.169374965246
NODE_0001247,2.0,,,2020.1780125589246
NODE_0001248,2.0,,,2020.1605524569595
NODE_0001249,2.0,,,2020.1664957673536
NODE_0001250,2.0,,,2020.1778276673497
NODE_0001251,2.0,,,2020.18377095471
NODE_0001252,2.0,,,2020.183586042981
NODE_0001253,2.0,,,2020.1895293504956
NODE_0001254,2.0,,,2020.177827644316
NODE_0001255,2.0,,,2020.18377095471
NODE_0001256,2.0,,,2020.198166944174
NODE_0001257,2.0,,,2020.186213713361
NODE_0001258,2.0,,,2020.1924085483884
NODE_0001259,2.0,,,2020.2010461420668
NODE_0001260,2.0,,,2020.19222363378
NODE_0001261,2.0,,,2020.198166944174
NODE_0001262,2.0,,,2020.198166944174
NODE_0001263,2.0,,,2020.1722541631389
NODE_0001264,2.0,,,2020.1519148690395
NODE_0001265,2.0,,,2020.1607373715678
NODE_0001266,2.0,,,2020.157858173675
NODE_0001267,2.0,,,2020.2039253399596
NODE_0001268,2.0,,,2020.1636165694606
NODE_0001269,2.0,,,2020.1722541631389
NODE_0001270,2.0,,,2020.1430257449692
NODE_0001271,2.0,,,2020.1520997778894
NODE_0001272,2.0,,,2020.1490356653885
NODE_0001273,2.0,,,2020.1607373715678
NODE_0001274,2.0,,,2020.1549789757823
NODE_0001275,2.0,,,2020.0678557106164
NODE_0001276,2.0,,,2020.071940531494
NODE_0001277,0.9159774214290546,,,2020.0737551775371
NODE_0001278,2.0,,,2020.079067185783
NODE_0001279,1.1484088146212548,,,2020.0813423024647
NODE_0001280,2.0,,,2020.092372897214
NODE_0001281,0.5868421006537082,,,2020.093535492133
NODE_0001282,1.2138281938385613,,,2020.0959402113733
NODE_0001283,2.0,,,2020.107109198143
NODE_0001284,2.0,,,2020.1426951266487
NODE_0001285,2.0,,,2020.1490356653885
NODE_0001286,2.0,,,2020.1549789757823
NODE_0001287,2.0,,,2020.1722541631389
NODE_0001288,2.0,,,2020.1720692485308
NODE_0001289,2.0,,,2020.1780125589246
NODE_0001290,2.0,,,2020.1780125589246
NODE_0001291,2.0,,,2020.1487841407547
NODE_0001292,2.0,,,2020.1634316548523
NODE_0001293,2.0,,,2020.169374965246
NODE_0001294,2.0,,,2020.169374965246
NODE_0001295,2.0,,,2020.1547940611738
NODE_0001296,2.0,,,2020.1607373715678
NODE_0001297,2.0,,,2020.1664957673536
NODE_0001298,2.0,,,2020.1864652437528
NODE_0001299,2.0,,,2020.1924085483884
NODE_0001300,2.0,,,2020.1634316548523
NODE_0001301,2.0,,,2020.169374965246
NODE_0001302,2.0,,,2020.1691900592755
NODE_0001303,2.0,,,2020.1751333610318
NODE_0001304,2.0,,,2020.1778276500745
NODE_0001305,2.0,,,2020.1866501526029
NODE_0001306,2.0,,,2020.18377095471
NODE_0001307,2.0,,,2019.9908646958938
NODE_0001308,2.0,,,2020.0643374267615
NODE_0001309,2.0,,,2020.1664957673536
NODE_0001310,2.0,,,2020.0768007913875
NODE_0001311,2.0,,,2020.082743413324
NODE_0001312,2.0,,,2020.0869108314484
NODE_0001313,0.1817966540495077,,,2020.0872709894297
NODE_0001314,0.32657109564002584,,,2020.0879179605586
NODE_0001315,0.6525985812769858,,,2020.089210825869
NODE_0001316,0.3139882447288972,,,2020.0898328690685
NODE_0001317,2.0,,,2020.0955654170507
NODE_0001318,2.0,,,2020.1042230625328
NODE_0001319,2.0,,,2020.1128664522107
NODE_0001320,1.4533304011345871,,,2020.1157456501037
NODE_0001321,2.0,,,2020.142425922213
NODE_0001322,2.0,,,2020.1515842449605
NODE_0001323,2.0,,,2020.1576732590665
NODE_0001324,2.0,,,2020.1636165694606
NODE_0001325,2.0,,,2020.1780125589246
NODE_0001326,2.0,,,2020.166310852745
NODE_0001327,2.0,,,2020.1751333610318
NODE_0001328,2.0,,,2020.1722541631389
NODE_0001329,2.0,,,2020.1689385260042
NODE_0001330,2.0,,,2020.180706842209
NODE_0001331,2.0,,,2020.1866501526029
NODE_0001332,2.0,,,2020.1866501526029
NODE_0001333,2.0,,,2020.1749484464233
NODE_0001334,2.0,,,2020.1866501526029
NODE_0001335,2.0,,,2020.1808917568173
NODE_0001336,2.0,,,2020.148466311763
NODE_0001337,2.0,,,2020.1574217344332
NODE_0001338,2.0,,,2020.1634316548523
NODE_0001339,2.0,,,2020.169374965246
NODE_0001340,2.0,,,2020.169374965246
NODE_0001341,2.0,,,2020.1634316548523
NODE_0001342,2.0,,,2020.169374965246
NODE_0001343,2.0,,,2020.169374965246
NODE_0001344,2.0,,,2020.1545425365405
NODE_0001345,2.0,,,2020.1634316548523
NODE_0001346,2.0,,,2020.169374965246
NODE_0001347,2.0,,,2020.169374965246
NODE_0001348,2.0,,,2020.1605524569595
NODE_0001349,2.0,,,2020.1664957673536
NODE_0001350,2.0,,,2020.1664957673536
NODE_0001351,2.0,,,2019.9095117364564
NODE_0001352,2.0,,,2020.0092181020225
NODE_0001353,2.0,,,2020.0332679218884
NODE_0001354,2.0,,,2019.8445824313374
NODE_0001355,0.0,,,2019.8445824313374
NODE_0001356,0.0,,,2019.8445824313374
NODE_0001357,0.0,,,2019.8445824313374
NODE_0001358,2.0,,,2019.9743320501113
NODE_0001359,0.0,,,2019.9743320501113
NODE_0001360,2.0,,,2019.986184865296
NODE_0001361,2.0,,,2019.9976953886744
NODE_0001362,2.0,,,2019.874334502613
NODE_0001363,2.0,,,2019.8865008164623
NODE_0001364,0.0,,,2019.8865008164623
NODE_0001365,2.0,,,2019.9890640631888
NODE_0001366,2.0,,,2019.996438177071
NODE_0001367,2.0,,,2019.8835950630787
NODE_0001368,2.0,,,2020.1042267140322
NODE_0001369,2.0,,,2020.1071102207056
NODE_0001370,2.0,,,2020.1050464526609
NODE_0001371,2.0,,,2020.0160629833001
NODE_0001372,2.0,,,2020.0304344556178
NODE_0001373,1.0391879051231303,,,2020.0324931943771
NODE_0001374,0.4015547007085685,,,2020.0332887157858
NODE_0001375,2.0,,,2020.0428855335447
NODE_0001376,2.0,,,2020.0547449168853
NODE_0001377,2.0,,,2020.1099669336802
NODE_0001378,2.0,,,2019.9653177357236
NODE_0001379,0.0,,,2019.9653177357236
NODE_0001380,2.0,,,2019.9705998094628
NODE_0001381,2.0,,,2019.9917145741979
NODE_0001382,1.649077828964659,,,2019.9949815679981
NODE_0001383,0.0,,,2019.7006734547588
NODE_0001384,2.0,,,2019.8789026234044
NODE_0001385,2.0,,,2019.9017729430657
NODE_0001386,2.0,,,2020.0144701182305
NODE_0001387,2.0,,,2020.0204136582827
NODE_0001388,2.0,,,2020.0263571985492
NODE_0001389,2.0,,,2020.0323007447548
NODE_0001390,2.0,,,2020.038244296904
NODE_0001391,2.0,,,2020.043460043828
NODE_0001392,0.012861191791286163,,,2020.0434855231795
NODE_0001393,0.12125989664366986,,,2020.043725751581
NODE_0001394,0.2797752660040557,,,2020.0442800153296
NODE_0001395,2.0,,,2020.0581646726687
NODE_0001396,2.0,,,2019.9699749037918
NODE_0001397,2.0,,,2019.989072609007
NODE_0001398,2.0,,,2019.9967750160047
NODE_0001399,0.8998134991039989,,,2019.9985576396452
NODE_0001400,2.0,,,2020.0120964916555
NODE_0001401,2.0,,,2019.9849213854998
NODE_0001402,2.0,,,2019.8619134402413
NODE_0001403,0.0,,,2019.8619134402413
NODE_0001404,2.0,,,2020.0149786068057
NODE_0001405,2.0,,,2020.0293671621394
NODE_0001406,2.0,,,2019.9353256477493
NODE_0001407,2.0,,,2020.0754406969222
NODE_0001408,2.0,,,2020.0819374005532
NODE_0001409,2.0,,,2020.0946696841
NODE_0001410,1.286404926890216,,,2020.0972181853576
NODE_0001411,2.0,,,2020.1222447028274
NODE_0001412,2.0,,,2019.761555540938
NODE_0001413,2.0,,,2019.7674992442353
NODE_0001414,2.0,,,2019.7744289098816
NODE_0001415,2.0,,,2019.7803728406386
NODE_0001416,2.0,,,2019.7874928573242
NODE_0001417,2.0,,,2019.9689021702081
NODE_0001418,2.0,,,2019.9890640631888
NODE_0001419,2.0,,,2019.793436572211
NODE_0001420,2.0,,,2019.8001565225825
NODE_0001421,2.0,,,2019.806100238707
NODE_0001422,2.0,,,2019.8130225910825
NODE_0001423,2.0,,,2019.818966288263
NODE_0001424,2.0,,,2019.8258688921762
NODE_0001425,2.0,,,2019.8318125676515
NODE_0001426,2.0,,,2019.8385414469465
NODE_0001427,2.0,,,2019.845227767565
NODE_0001428,2.0,,,2019.8511712744096
NODE_0001429,2.0,,,2019.857114780748
NODE_0001430,2.0,,,2019.863218182097
NODE_0001431,2.0,,,2019.9296109203258
NODE_0001432,2.0,,,2019.9789114650807
NODE_0001433,0.0,,,2019.8813007141096
NODE_0001434,2.0,,,2019.9287804274807
NODE_0001435,2.0,,,2020.0725535481554
NODE_0001436,2.0,,,2020.1042258310233
NODE_0001437,2.0,,,2020.1186281190392
NODE_0001438,2.0,,,2019.9958552317107
NODE_0001439,2.0,,,2020.0044338975056
NODE_0001440,0.3210397671158988,,,2020.0050699105004
NODE_0001441,0.0,,,2020.0050699105004
NODE_0001442,2.0,,,2020.0906295427742
NODE_0001443,2.0,,,2020.10793505984
NODE_0001444,2.0,,,2020.0927141877232
NODE_0001445,2.0,,,2020.1013509029426
NODE_0001446,2.0,,,2020.1096502092428
NODE_0001447,0.7117808065080213,,,2020.1110603206648
NODE_0001448,2.0,,,2020.1162293226691
NODE_0001449,2.0,,,2020.0696724230659
NODE_0001450,2.0,,,2020.109970057684
NODE_0001451,2.0,,,2020.1157458280588
NODE_0001452,2.0,,,2020.1071082343803
NODE_0001453,0.032433288082058684,,,2020.1071724880799
NODE_0001454,2.0,,,2020.1128603927823
NODE_0001455,2.0,,,2019.9902904288408
NODE_0001456,2.0,,,2020.0158242567945
NODE_0001457,0.0,,,2020.0158242567945
NODE_0001458,0.0,,,2020.0158242567945
NODE_0001459,1.541062711453978,,,2020.0188772614715
NODE_0001460,1.1822879171152887,,,2020.0212194961603
NODE_0001461,0.0,,,2020.0212194961603
NODE_0001462,2.0,,,2020.0335325799638
NODE_0001463,0.0,,,2020.0335325799638
NODE_0001464,2.0,,,2020.042090931231
NODE_0001465,2.0,,,2019.971265900583
NODE_0001466,2.0,,,2019.9781172037303
NODE_0001467,2.0,,,2019.9849213854998
seq0,9.9999999600419868e-07,2020-01-29,France,2020.0714822388729
seq1,1.6373338916689335,2020-01-29,France,2020.0714822368918
seq10,2.0,2020-01-31,Japan,2020.0772406326771
seq100,2.0,2020-03-15,USA,2020.2039253399596
seq1000,1.0000000027804597e-06,2020-02-24,HongKong,2020.1463413840852
seq1001,9.9999999939232899e-07,2020-03-08,USA,2020.1837709566912
seq101,9.9999999939232899e-07,2020-03-10,USA,2020.1895293524767
seq102,0.5122319499022161,2020-03-10,USA,2020.1895293504956
seq103,0.91191548299906,2020-03-14,USA,2020.2010461420668
seq104,0.97653352666776772,2020-03-11,USA,2020.1924085483884
seq105,1.0000000027804597e-06,2020-03-04,Scotland,2020.17225416512
seq106,1.2935526424878587,2020-03-10,USA,2020.1895293504956
seq107,9.9999999939232899e-07,2020-03-11,USA,2020.1924085503695
seq108,9.9999999600419868e-07,2020-01-17,China/Zhejiang,2020.0369318641594
seq109,1.5976080139769095,2020-01-16,China/Zhejiang,2020.0340526642856
seq11,0.95509951580782271,2020-01-29,Japan,2020.0714822368918
seq110,0.093339197851542904,2020-02-03,Belgium,2020.0858782263556
seq111,0.8594314724447234,2020-03-02,Belgium,2020.1664957673536
seq112,1.4533304011345791,2020-03-02,Belgium,2020.1664957673536
seq113,1.0000000027804597e-06,2020-03-02,England,2020.1664957693347
seq114,2.0,2020-01-28,China/Hangzhou,2020.0686030389991
seq115,1.0000000027804597e-06,2020-02-29,England,2020.160737373549
seq116,0.97696525443846371,2020-03-03,Belgium,2020.1693749652461
seq117,2.0,2020-03-02,Belgium,2020.1664957673536
seq118,0.24286589578730999,2020-01-26,China/Hangzhou,2020.0628446432133
seq119,1.1721849461473839,2020-03-14,Georgia,2020.2010461420668
seq12,9.9999999600419868e-07,2020-01-24,Vietnam,2020.0570862494087
seq120,0.96786511759667371,2020-03-05,Georgia,2020.1751333610318
seq121,0.44361034295958374,2020-03-02,Belgium,2020.1664957673536
seq122,1.0000000027804597e-06,2020-03-01,England,2020.1636165714417
seq123,1.0478790259559403,2020-03-08,Georgia,2020.1837709547101
seq124,2.0,2020-01-21,USA,2020.0484486537496
seq125,1.0000000027804597e-06,2020-02-29,USA,2020.160737373549
seq126,1.0000000027804597e-06,2020-02-29,USA,2020.160737373549
seq127,1.0000000027804597e-06,2020-02-24,USA,2020.1463413840852
seq128,0.44343987776481664,2020-03-02,Belgium,2020.1664957673536
seq129,2.0,2020-03-02,Belgium,2020.1664957673536
seq13,9.9999999600419868e-07,2020-01-23,Japan,2020.054207051516
seq130,1.0000000027804597e-06,2020-03-04,Brazil,2020.17225416512
seq131,1.0000000027804597e-06,2020-02-29,USA,2020.160737373549
seq132,0.98812738248878484,2020-02-29,England,2020.1607373715678
seq133,2.0,2020-03-03,USA,2020.1693749652461
seq134,0.34421188181134338,2020-03-03,Belgium,2020.1693749652461
seq135,9.9999999939232899e-07,2020-03-08,France,2020.1837709566912
seq136,1.1029780973892764,2020-03-10,France,2020.1895293504956
seq137,2.0,2020-03-10,France,2020.1895293504956
seq138,1.4533304010138735,2020-03-04,France,2020.1722541631389
seq139,1.1030609234966788,2020-03-10,France,2020.1895293504956
seq14,9.9999999600419868e-07,2020-01-25,Japan,2020.0599654473017
seq140,1.4656968885814379,2020-03-11,France,2020.1924085483884
seq141,1.3190477176133903,2020-03-11,France,2020.1924085483884
seq142,2.0,2020-03-16,Georgia,2020.2068045378521
seq143,2.0,2020-03-13,Georgia,2020.1981669441741
seq144,1.0000000027787777e-06,2020-03-04,USA,2020.17225416512
seq145,0.9765270218889377,2020-03-09,England,2020.1866501526029
seq146,0.67774622723199474,2020-03-11,Georgia,2020.1924085483884
seq147,0.29306570511015445,2020-03-03,Belgium,2020.1693749652461
seq148,0.70684931560881159,2020-02-27,Spain,2020.1549789757823
seq149,2.0,2020-03-06,Panama,2020.1780125589246
seq15,1.1975455671746644,2020-01-23,USA,2020.0542070495349
seq150,2.0,2020-03-02,Spain,2020.1664957673536
seq151,1.0844342876633344,2020-03-01,Belgium,2020.1636165694606
seq152,2.0,2020-03-01,Belgium,2020.1636165694606
seq153,1.0000000027787777e-06,2020-02-27,Spain,2020.1549789777634
seq154,1.710505059855546,2020-03-01,Belgium,2020.1636165694606
seq155,0.9763837667619899,2020-03-01,Belgium,2020.1636165694606
seq156,0.2538844842488614,2020-02-29,Belgium,2020.1607373715678
seq157,1.0000000027787777e-06,2020-03-04,Spain,2020.17225416512
seq158,1.0000000027804597e-06,2020-03-01,Belgium,2020.1636165714417
seq159,0.97652940096370822,2020-03-03,Poland,2020.1693749652461
seq16,0.98741904499323219,2020-01-22,USA,2020.0513278516423
seq160,1.0000000027804597e-06,2020-03-04,Brazil,2020.17225416512
seq161,1.1024444030230423,2020-03-04,Brazil,2020.1722541631389
seq162,1.4533304011345791,2020-03-05,Brazil,2020.1751333610318
seq163,2.0,2020-03-04,Brazil,2020.1722541631389
seq164,2.0,2020-03-03,Brazil,2020.1693749652461
seq165,0.98045137524725656,2020-03-05,Brazil,2020.1751333610318
seq166,9.9999999600419868e-07,2020-01-23,France,2020.054207051516
seq167,0.97652876743735784,2020-02-02,Singapore,2020.0829990284628
seq168,0.51756534238284835,2020-03-11,Wales,2020.1924085483884
seq169,9.9999999600419868e-07,2020-02-05,Australia,2020.0916366241222
seq17,9.9999999600419868e-07,2020-01-10,China/Shenzhen,2020.0167774789099
seq170,0.97652710544752486,2020-02-05,Australia,2020.0916366221413
seq171,9.9999999600419868e-07,2020-02-04,Singapore,2020.0887574262294
seq172,2.0,2020-02-04,Singapore,2020.0887574242483
seq173,1.0000000027804597e-06,2020-03-03,Brazil,2020.1693749672272
seq174,0.97652679195977243,2020-02-03,Singapore,2020.0858782263556
seq175,0.97652679195977243,2020-01-27,Singapore,2020.0657238411061
seq176,0.5293715086744426,2020-03-11,Wales,2020.1924085483884
seq177,1.0000000027804597e-06,2020-03-04,Brazil,2020.17225416512
seq178,0.91221259458909931,2020-01-22,USA,2020.0513278516423
seq179,9.9999999600419868e-07,2020-01-19,China/Hangzhou,2020.0426902599449
seq18,1.152441751267834,2020-01-23,Taiwan,2020.0542070495349
seq180,9.999999960041936e-07,2020-01-01,Netherlands,2019.9908646978749
seq181,1.0000000027804597e-06,2020-02-17,Japan,2020.1261869988357
seq182,1.0000000027804597e-06,2020-03-03,Netherlands,2020.1693749672272
seq183,0.8765343432280136,2020-03-05,Netherlands,2020.1751333610318
seq184,1.0000000027804597e-06,2020-02-17,Japan,2020.1261869988357
seq185,1.0000000027804597e-06,2020-03-03,Netherlands,2020.1693749672272
seq186,1.0000000027787781e-06,2020-03-03,Netherlands,2020.1693749672272
seq187,0.97276828875030663,2020-03-03,Netherlands,2020.1693749652461
seq188,0.97981057134217941,2020-02-17,Japan,2020.1261869968546
seq189,0.41790998853624156,2020-03-01,Netherlands,2020.1636165694606
seq19,1.0000000027804597e-06,2020-02-24,USA,2020.1463413840852
seq190,1.0000000027804597e-06,2020-03-03,Netherlands,2020.1693749672272
seq191,9.999999960041936e-07,2020-01-01,Netherlands,2019.9908646978749
seq192,0.59605187906740897,2020-02-17,Japan,2020.1261869968546
seq193,1.0000000027804597e-06,2020-03-01,Netherlands,2020.1636165714417
seq194,1.0000000027804597e-06,2020-03-03,Netherlands,2020.1693749672272
seq195,9.9999999939232899e-07,2020-03-10,Netherlands,2020.1895293524767
seq196,1.1827236250314204,2020-02-17,Japan,2020.1261869968546
seq197,1.0000000027804597e-06,2020-03-03,Netherlands,2020.1693749672272
seq198,0.47657635253531599,2020-03-12,Netherlands,2020.1952877462811
seq199,0.29823880470685848,2020-02-17,Japan,2020.1261869968546
seq2,9.9999999600419868e-07,2020-01-29,France,2020.0714822388729
seq20,1.0000000027787781e-06,2020-02-27,Mexico,2020.1549789777634
seq200,0.97494429236217561,2020-03-02,Netherlands,2020.1664957673536
seq201,1.0000000027804597e-06,2020-02-17,Japan,2020.1261869988357
seq202,1.0000000027804597e-06,2020-02-17,Japan,2020.1261869988357
seq203,0.65812190801312942,2020-02-16,Japan,2020.1233077989618
seq204,1.0000000027804597e-06,2020-03-02,Netherlands,2020.1664957693347
seq205,9.999999960041936e-07,2020-01-01,Netherlands,2019.9908646978749
seq206,1.0000000027804597e-06,2020-02-16,Japan,2020.1233078009429
seq207,1.0000000027804597e-06,2020-02-17,Japan,2020.1261869988357
seq208,0.99222555673662738,2020-03-02,Netherlands,2020.1664957673536
seq209,2.0,2020-03-01,Netherlands,2020.1636165694606
seq21,1.0000000027804597e-06,2020-02-20,Italy,2020.134824592514
seq210,1.0000000027804597e-06,2020-02-16,Japan,2020.1233078009429
seq211,1.0000000027804597e-06,2020-02-29,Netherlands,2020.160737373549
seq212,9.9999999939232899e-07,2020-03-09,Netherlands,2020.186650154584
seq213,1.0000000027804597e-06,2020-02-25,China/Guangzhou,2020.1492205819777
seq214,1.0000000027804597e-06,2020-03-03,Netherlands,2020.1693749672272
seq215,1.0000000027804597e-06,2020-02-16,Japan,2020.1233078009429
seq216,1.0000000027804597e-06,2020-03-02,Netherlands,2020.1664957693347
seq217,2.0,2020-03-09,Netherlands,2020.1866501526029
seq218,0.63032823645623803,2020-02-16,Japan,2020.1233077989618
seq219,2.0,2020-03-03,Netherlands,2020.1693749652461
seq22,2.0,2020-01-29,Italy,2020.0714822368918
seq220,2.0,2020-03-11,Netherlands,2020.1924085483884
seq221,0.65812358647468994,2020-02-16,Japan,2020.1233077989618
seq222,1.0000000027787781e-06,2020-03-03,Netherlands,2020.1693749672272
seq223,1.0000000027804597e-06,2020-03-03,Netherlands,2020.1693749672272
seq224,2.0,2020-03-11,Netherlands,2020.1924085483884
seq225,1.0000000027804597e-06,2020-02-16,Japan,2020.1233078009429
seq226,1.8166630013276848,2020-01-01,China/Wuhan,2019.9908646958938
seq227,9.9999999600419868e-07,2020-01-05,China/Wuhan,2020.002381489446
seq228,1.0000000027804597e-06,2020-02-25,China/Guangzhou,2020.1492205819777
seq229,1.0000000027804597e-06,2020-02-25,China/Guangzhou,2020.1492205819777
seq23,1.0000000027804597e-06,2020-02-25,Brazil,2020.1492205819777
seq230,9.9999999600419868e-07,2020-02-01,HongKong,2020.0801198325512
seq231,0.95730855340308663,2020-03-06,Netherlands,2020.1780125589246
seq232,2.0,2020-02-25,China/Guangzhou,2020.1492205799966
seq233,9.9999999939232899e-07,2020-03-13,USA,2020.1981669461552
seq234,1.0000000027804597e-06,2020-02-17,Japan,2020.1261869988357
seq235,9.9999999939232899e-07,2020-03-13,USA,2020.1981669461552
seq236,0.9704685686870389,2020-02-17,Japan,2020.1261869968546
seq237,9.9999999939232899e-07,2020-03-13,USA,2020.1981669461552
seq238,0.97696445123413056,2020-02-17,Japan,2020.1261869968546
seq239,9.9999999939232899e-07,2020-03-13,USA,2020.1981669461552
seq24,0.98812535081563913,2020-01-21,China/Chongqing,2020.0484486537496
seq240,9.9999999939232793e-07,2020-03-05,Netherlands,2020.1751333630129
seq241,1.0000000027804597e-06,2020-02-17,Japan,2020.1261869988357
seq242,0.51182436227397932,2020-03-06,Netherlands,2020.1780125589246
seq243,0.97696903665593882,2020-03-12,USA,2020.1952877462811
seq244,1.0000000027804597e-06,2020-03-04,Netherlands,2020.17225416512
seq245,1.0410905428738115,2020-03-10,Peru,2020.1895293504956
seq246,1.5466666922046153,2020-03-12,USA,2020.1952877462811
seq247,1.0000000027804597e-06,2020-02-17,Japan,2020.1261869988357
seq248,1.4533304010138819,2020-03-12,USA,2020.1952877462811
seq249,9.9999999600419868e-07,2020-01-30,HongKong,2020.0743614367655
seq25,9.9999999600419868e-07,2020-02-05,China,2020.0916366241222
seq250,1.0916908110549899,2020-03-13,USA,2020.1981669441741
seq251,1.0000000027804597e-06,2020-02-17,Japan,2020.1261869988357
seq252,1.0000000027804597e-06,2020-03-03,Netherlands,2020.1693749672272
seq253,1.0000000027804597e-06,2020-02-17,Japan,2020.1261869988357
seq254,1.0000000027804597e-06,2020-02-17,Japan,2020.1261869988357
seq255,0.093339197851542904,2020-01-19,USA,2020.0426902579638
seq256,1.0000000027804597e-06,2020-03-02,Netherlands,2020.1664957693347
seq257,1.0000000027804597e-06,2020-03-02,Taiwan,2020.1664957693347
seq258,1.0000000027804597e-06,2020-03-03,Netherlands,2020.1693749672272
seq259,2.0,2020-02-29,Luxembourg,2020.1607373715678
seq26,0.73708859499384938,2020-01-29,China,2020.0714822368918
seq260,1.0000000027787714e-06,2020-02-28,Australia,2020.1578581756562
seq261,1.0000000027804597e-06,2020-03-03,Netherlands,2020.1693749672272
seq262,1.2486858783632941,2020-03-09,Netherlands,2020.1866501526029
seq263,0.98011243945838122,2020-02-17,Japan,2020.1261869968546
seq264,1.0000000027804597e-06,2020-02-28,Australia,2020.1578581756562
seq265,1.0000000027804597e-06,2020-03-03,Netherlands,2020.1693749672272
seq266,9.9999999939232899e-07,2020-03-09,Netherlands,2020.186650154584
seq267,1.1642716276925669,2020-02-17,Japan,2020.1261869968546
seq268,0.86282625082900199,2020-02-27,China/Guangzhou,2020.1549789757823
seq269,1.0000000027787714e-06,2020-02-28,Australia,2020.1578581756562
seq27,2.0,2020-02-10,Japan,2020.1060326116051
seq270,1.0000000027804597e-06,2020-03-02,Netherlands,2020.1664957693347
seq271,9.9999999939232899e-07,2020-03-09,Netherlands,2020.186650154584
seq272,2.0,2020-03-02,Australia,2020.1664957673536
seq273,1.0000000027804597e-06,2020-03-03,Netherlands,2020.1693749672272
seq274,1.0238364543763587,2020-03-09,Netherlands,2020.1866501526029
seq275,1.1123228912764118,2020-02-17,Japan,2020.1261869968546
seq276,1.047834820340622,2020-02-25,China/Guangzhou,2020.1492205799966
seq277,2.0,2020-03-04,Australia,2020.1722541631389
seq278,1.0000000027804597e-06,2020-03-03,Netherlands,2020.1693749672272
seq279,1.3325958407325007,2020-03-12,Netherlands,2020.1952877462811
seq28,9.9999999600419868e-07,2020-02-10,Japan,2020.1060326135862
seq280,0.88110040539513113,2020-02-17,Japan,2020.1261869968546
seq281,2.0,2020-02-25,China/Guangzhou,2020.1492205799966
seq282,1.2410408671295519,2020-03-04,Australia,2020.1722541631389
seq283,2.0,2020-02-23,China/Hefei,2020.1434621842113
seq284,1.0000000027804597e-06,2020-03-03,Netherlands,2020.1693749672272
seq285,1.0419063077715405,2020-02-17,Japan,2020.1261869968546
seq286,0.98383028699387765,2020-03-04,Netherlands,2020.1722541631389
seq287,1.0000000027804597e-06,2020-02-25,China/Guangzhou,2020.1492205819777
seq288,1.1806151874971811,2020-01-22,HongKong,2020.0513278516423
seq289,1.0000000027804597e-06,2020-02-17,Japan,2020.1261869988357
seq29,9.9999999600419868e-07,2020-01-23,China/Chongqing,2020.054207051516
seq290,2.0,2020-02-20,Malaysia,2020.1348245905328
seq291,1.0000000027804597e-06,2020-03-02,Netherlands,2020.1664957693347
seq292,1.0000000027804597e-06,2020-02-17,Japan,2020.1261869988357
seq293,1.0000000027804597e-06,2020-03-03,Netherlands,2020.1693749672272
seq294,1.0743710808714624,2020-03-12,Netherlands,2020.1952877462811
seq295,1.0000000027804597e-06,2020-02-17,Japan,2020.1261869988357
seq296,9.9999999939232899e-07,2020-03-09,Netherlands,2020.186650154584
seq297,1.0000000027804597e-06,2020-02-17,Japan,2020.1261869988357
seq298,9.9999999939232793e-07,2020-03-05,Netherlands,2020.1751333630129
seq299,0.79845710222762201,2020-03-10,USA,2020.1895293504956
seq3,9.9999999600419868e-07,2020-01-26,China/Hangzhou,2020.0628446451944
seq30,9.9999999600419868e-07,2020-02-09,Singapore,2020.1031534156934
seq300,0.97240671073794405,2020-03-06,Netherlands,2020.1780125589246
seq301,1.6123880741309022,2020-03-11,USA,2020.1924085483884
seq302,0.73541934961225963,2020-03-02,Australia,2020.1664957673536
seq303,1.4533304010138819,2020-03-11,USA,2020.1924085483884
seq304,9.9999999939232793e-07,2020-03-05,Australia,2020.1751333630129
seq305,0.96375787105074906,2020-03-11,USA,2020.1924085483884
seq306,1.0000000027804597e-06,2020-03-01,CzechRepublic,2020.1636165714417
seq307,0.97652655108522013,2020-01-24,Australia,2020.0570862474276
seq308,0.50902845145327447,2020-03-11,USA,2020.1924085483884
seq309,0.940241876519467,2020-02-29,USA,2020.1607373715678
seq31,2.0,2020-02-06,Singapore,2020.0945158200338
seq310,2.0,2020-01-25,Australia,2020.0599654453206
seq311,0.97653265827510538,2020-03-11,USA,2020.1924085483884
seq312,1.0000000027804597e-06,2020-02-18,USA,2020.1290661967282
seq313,9.9999999939232899e-07,2020-03-11,USA,2020.1924085503695
seq314,9.9999999939232899e-07,2020-03-11,USA,2020.1924085503695
seq315,1.2640455180485239,2020-03-06,Australia,2020.1780125589246
seq316,9.9999999939232899e-07,2020-03-11,USA,2020.1924085503695
seq317,0.52108581632212381,2020-02-08,Australia,2020.1002742158196
seq318,0.31204844399036996,2020-03-11,USA,2020.1924085483884
seq319,0.66408774218667932,2020-02-02,China/Shanghai,2020.0829990284628
seq32,0.09333774452113984,2020-02-03,Singapore,2020.0858782263556
seq320,2.0,2020-02-15,China/Shanghai,2020.1204286010689
seq321,9.9999999939232899e-07,2020-03-11,USA,2020.1924085503695
seq322,1.0000000027787781e-06,2020-03-03,Netherlands,2020.1693749672272
seq323,2.0,2020-03-04,Netherlands,2020.1722541631389
seq324,0.97652787690281295,2020-03-04,Netherlands,2020.1722541631389
seq325,1.943024695502328,2020-02-02,China/Shanghai,2020.0829990284628
seq326,9.9999999939232899e-07,2020-03-11,USA,2020.1924085503695
seq327,1.4533304010138735,2020-03-04,Netherlands,2020.1722541631389
seq328,1.332637389813903,2020-02-11,China/Shanghai,2020.1089118094978
seq329,0.97827206381998244,2020-03-11,USA,2020.1924085483884
seq33,1.7018624597089835,2020-01-13,Nepal,2020.0254150706073
seq330,1.1642688753373283,2020-02-20,Malaysia,2020.1348245905328
seq331,9.9999999939232899e-07,2020-03-11,USA,2020.1924085503695
seq332,0.74325718914870043,2020-02-02,China/Shanghai,2020.0829990284628
seq333,0.98045078448019207,2020-03-11,USA,2020.1924085483884
seq334,0.50676033772785689,2020-02-20,Malaysia,2020.1348245905328
seq335,0.98742076703569226,2020-03-06,Netherlands,2020.1780125589246
seq336,1.6329474692730768,2020-02-02,China/Shanghai,2020.0829990284628
seq337,9.9999999939232899e-07,2020-03-11,USA,2020.1924085503695
seq338,0.41485155802705209,2020-02-15,China/Shanghai,2020.1204286010689
seq339,1.4533304010138819,2020-03-11,USA,2020.1924085483884
seq34,0.97652875227357139,2020-02-01,China,2020.0801198305701
seq340,0.71094898387683525,2020-02-02,China/Shanghai,2020.0829990284628
seq341,1.0000000027804597e-06,2020-03-04,Netherlands,2020.17225416512
seq342,9.9999999600419868e-07,2020-02-09,China/Shanghai,2020.1031534156934
seq343,2.0,2020-03-11,USA,2020.1924085483884
seq344,9.9999999939232899e-07,2020-03-12,USA,2020.1952877482622
seq345,1.8116014342686111,2020-03-10,USA,2020.1895293504956
seq346,0.60852807654313834,2020-01-25,Australia,2020.0599654453206
seq347,9.9999999939064742e-07,2020-03-06,Vietnam,2020.1780125609057
seq348,1.9980819777297174,2020-03-01,Canada,2020.1636165694606
seq349,9.9999999939064742e-07,2020-03-06,Vietnam,2020.1780125609057
seq35,2.0,2020-03-03,Australia,2020.1693749652461
seq350,0.96638975717375808,2020-03-11,USA,2020.1924085483884
seq351,1.0000000027804597e-06,2020-02-26,England,2020.1520997798705
seq352,1.0000000027804597e-06,2020-03-02,Canada,2020.1664957693347
seq353,2.0,2020-03-03,Canada,2020.1693749652461
seq354,1.0000000027804597e-06,2020-02-26,England,2020.1520997798705
seq355,1.8861405802274911,2020-03-12,USA,2020.1952877462811
seq356,1.0000000027787762e-06,2020-03-01,England,2020.1636165714417
seq357,0.093331931199540877,2020-02-25,Germany,2020.1492205799966
seq358,0.97577746174085711,2020-03-10,USA,2020.1895293504956
seq359,9.9999999939064742e-07,2020-03-11,USA,2020.1924085503695
seq36,2.0,2020-03-02,USA,2020.1664957673536
seq360,0.98376575170769798,2020-02-27,England,2020.1549789757823
seq361,0.35016367000891052,2020-03-10,USA,2020.1895293504956
seq362,0.95091065667602026,2020-03-12,USA,2020.1952877462811
seq363,2.0,2020-03-05,Canada,2020.1751333610318
seq364,2.0,2020-02-26,Germany,2020.1520997778894
seq365,1.0000000027804597e-06,2020-02-29,Brazil,2020.160737373549
seq366,0.33884409686755407,2020-03-07,SaudiArabia,2020.1808917568173
seq367,0.47097316038058973,2020-03-11,USA,2020.1924085483884
seq368,1.0000000027804597e-06,2020-03-02,Brazil,2020.1664957693347
seq369,9.9999999939232899e-07,2020-03-10,USA,2020.1895293524767
seq37,0.97642575446473878,2020-01-29,USA,2020.0714822368918
seq370,0.21534107414352183,2020-03-11,USA,2020.1924085483884
seq371,1.0000000027804597e-06,2020-03-04,Brazil,2020.17225416512
seq372,2.0,2020-03-10,USA,2020.1895293504956
seq373,0.88547329189253332,2020-03-04,Brazil,2020.1722541631389
seq374,1.0000000027804597e-06,2020-02-29,Brazil,2020.160737373549
seq375,0.41917731764468769,2020-03-10,USA,2020.1895293504956
seq376,1.0000000027804597e-06,2020-02-27,Switzerland,2020.1549789777634
seq377,0.81533092131592177,2020-03-10,USA,2020.1895293504956
seq378,9.9999999939232899e-07,2020-03-11,USA,2020.1924085503695
seq379,0.97652727500574821,2020-03-10,USA,2020.1895293504956
seq38,1.1517731788410217,2020-01-18,China/Wuhan,2020.0398110600711
seq380,0.50877727930756289,2020-03-11,USA,2020.1924085483884
seq381,2.0,2020-02-25,England,2020.1492205799966
seq382,1.5256389591988204,2020-02-11,Vietnam,2020.1089118094978
seq383,2.0,2020-02-21,USA,2020.1377037884256
seq384,0.30498299938433132,2020-02-18,USA,2020.1290661947471
seq385,0.17195207118540412,2020-03-12,USA,2020.1952877462811
seq386,1.0000000027804597e-06,2020-02-21,USA,2020.1377037904067
seq387,9.9999999939232899e-07,2020-03-12,USA,2020.1952877482622
seq388,2.0,2020-02-17,USA,2020.1261869968546
seq389,0.99190586830607619,2020-02-17,USA,2020.1261869968546
seq39,9.999999960025152e-07,2020-01-18,China/Chongqing,2020.0398110620522
seq390,1.5466594256733088,2020-03-10,USA,2020.1895293504956
seq391,9.9999999939232899e-07,2020-03-12,USA,2020.1952877482622
seq392,1.3325346211383284,2020-02-24,USA,2020.1463413821041
seq393,9.9999999939232899e-07,2020-03-12,USA,2020.1952877482622
seq394,9.9999999939232899e-07,2020-03-12,USA,2020.1952877482622
seq395,2.0,2020-03-04,Ireland,2020.1722541631389
seq396,0.98812532946221732,2020-03-12,USA,2020.1952877462811
seq397,1.0000000027804597e-06,2020-02-28,England,2020.1578581756562
seq398,0.97565076266247175,2020-03-11,USA,2020.1924085483884
seq399,1.0000000027804597e-06,2020-02-25,England,2020.1492205819777
seq4,9.9999999600419868e-07,2020-01-24,China/Hangzhou,2020.0570862494087
seq40,2.0,2020-01-17,China/Yunnan,2020.0369318621783
seq400,1.4533304010114347,2020-03-07,Vietnam,2020.1808917568173
seq401,1.1368328829815313,2020-02-27,England,2020.1549789757823
seq402,0.79924213065331151,2020-02-03,China/Hangzhou,2020.0858782263556
seq403,0.38271504771333686,2020-03-12,USA,2020.1952877462811
seq404,1.0000000027804597e-06,2020-02-28,England,2020.1578581756562
seq405,0.78893628189854037,2020-03-17,Hungary,2020.2096837357451
seq406,2.0,2020-03-11,USA,2020.1924085483884
seq407,2.0,2020-01-28,Germany,2020.0686030389991
seq408,9.9999999600419868e-07,2020-01-15,China/Guangdong,2020.0311734683739
seq409,9.9999999600419868e-07,2020-01-17,China/Guangdong,2020.0369318641594
seq41,0.88240002464324629,2020-01-18,China/Wuhan,2020.0398110600711
seq410,9.9999999600419868e-07,2020-01-15,China/Guangdong,2020.0311734683739
seq411,2.0,2020-01-15,China/Guangdong,2020.0311734663928
seq412,1.4533304010138839,2020-01-18,China/Guangdong,2020.0398110600711
seq413,0.63765569217788787,2020-03-12,Wales,2020.1952877462811
seq414,1.5846265302028228,2020-01-01,China/Wuhan,2019.9908646958938
seq415,9.999999960041936e-07,2019-12-30,China/Wuhan,2019.9843865026162
seq416,1.6342701980548504,2020-02-05,Taiwan,2020.0916366221413
seq417,9.9999999600419868e-07,2020-02-01,China,2020.0801198325512
seq418,9.999999960041936e-07,2019-12-30,China/Wuhan,2019.9843865026162
seq419,9.9999999600419868e-07,2020-01-14,China/Guangdong,2020.0282942704812
seq42,1.382414799185157,2020-02-07,China/Wuhan,2020.0973950179266
seq420,1.5784245426759469,2019-12-30,China/Wuhan,2019.9843865006351
seq421,9.9999999600251436e-07,2020-02-01,China,2020.0801198325512
seq422,1.0088860959450094,2020-01-28,China/Beijing,2020.0686030389991
seq423,9.9999999600419868e-07,2020-01-28,China/Beijing,2020.0686030409802
seq424,1.0000000027804597e-06,2020-02-28,Switzerland,2020.1578581756562
seq425,0.49436034165042375,2020-01-31,India,2020.0772406326771
seq426,1.0626335218163538,2020-03-02,Switzerland,2020.1664957673536
seq427,2.0,2020-03-02,Switzerland,2020.1664957673536
seq428,1.0000000027804597e-06,2020-02-27,SouthKorea,2020.1549789777634
seq429,0.97652902637958894,2020-02-27,Switzerland,2020.1549789757823
seq43,0.69938275445246989,2020-02-08,China/Tianmen,2020.1002742158196
seq430,1.0000000027804597e-06,2020-02-27,SouthKorea,2020.1549789777634
seq431,1.0000000027804597e-06,2020-02-27,SouthKorea,2020.1549789777634
seq432,9.9999999600419868e-07,2020-01-26,China/Beijing,2020.0628446451944
seq433,9.9999999600419868e-07,2020-01-28,China/Beijing,2020.0686030409802
seq434,9.9999999600419868e-07,2020-01-08,Nonthaburi,2020.0110190831244
seq435,9.9999999600419868e-07,2020-01-13,Nonthaburi,2020.0254150725884
seq436,2.0,2020-01-29,England,2020.0714822368918
seq437,9.9999999600419868e-07,2020-02-01,China,2020.0801198325512
seq438,0.51693182520715952,2020-01-29,England,2020.0714822368918
seq439,1.453330401013887,2020-02-26,France,2020.1520997778894
seq44,1.0000000027804597e-06,2020-02-28,Australia,2020.1578581756562
seq440,1.0000000027804597e-06,2020-02-24,Switzerland,2020.1463413840852
seq441,1.4533304011345791,2020-02-27,France,2020.1549789757823
seq442,1.0000000027804597e-06,2020-02-26,Switzerland,2020.1520997798705
seq443,1.0000000027804597e-06,2020-02-27,SouthKorea,2020.1549789777634
seq444,9.9999999600250928e-07,2019-12-30,China/Wuhan,2019.9843865026162
seq445,9.9999999600419868e-07,2020-02-01,China,2020.0801198325512
seq446,9.999999960041936e-07,2019-12-30,China/Wuhan,2019.9843865026162
seq447,2.0,2020-01-29,Finland,2020.0714822368918
seq448,9.9999999600419868e-07,2020-02-01,China,2020.0801198325512
seq449,1.1602565864316563,2020-02-01,China,2020.0801198305701
seq45,1.7039057428334115,2020-01-11,China/Jiangxi,2020.0196566748216
seq450,1.0000000027804597e-06,2020-03-04,France,2020.17225416512
seq451,0.60341732759340416,2020-03-03,France,2020.1693749652461
seq452,2.0,2020-03-04,France,2020.1722541631389
seq453,0.56431896368896106,2020-03-04,France,2020.1722541631389
seq454,0.99944891119304458,2020-03-04,France,2020.1722541631389
seq455,1.0000000027804597e-06,2020-02-29,France,2020.160737373549
seq456,0.87880535080968503,2020-02-26,France,2020.1520997778894
seq457,2.0,2020-03-02,France,2020.1664957673536
seq458,0.964520576579037,2020-03-02,France,2020.1664957673536
seq459,1.0461414791607657,2020-03-03,France,2020.1693749652461
seq46,2.0,2020-01-31,Taiwan,2020.0772406326771
seq460,9.9999999939232899e-07,2020-03-08,USA,2020.1837709566912
seq461,1.4533304010138786,2020-03-08,USA,2020.1837709547101
seq462,9.9999999600419868e-07,2020-01-22,China/Hangzhou,2020.0513278536234
seq463,9.9999999939232899e-07,2020-03-08,USA,2020.1837709566912
seq464,1.4502420682759944,2020-03-15,Russia,2020.2039253399596
seq465,1.0000000027804597e-06,2020-02-26,France,2020.1520997798705
seq466,1.0000000027804597e-06,2020-02-25,France,2020.1492205819777
seq467,1.0000000027804597e-06,2020-03-04,Switzerland,2020.17225416512
seq468,0.97479908562156992,2020-03-01,Switzerland,2020.1636165694606
seq469,0.27738355287030964,2020-03-08,USA,2020.1837709547101
seq47,9.9999999600419868e-07,2020-01-19,China/Jiangsu,2020.0426902599449
seq470,9.9999999939232899e-07,2020-03-06,Switzerland,2020.1780125609057
seq471,9.9999999939232899e-07,2020-03-08,USA,2020.1837709566912
seq472,9.9999999939232899e-07,2020-03-06,Switzerland,2020.1780125609057
seq473,0.98797837447568226,2020-03-07,USA,2020.1808917568173
seq474,1.0538587509049502,2020-03-07,Switzerland,2020.1808917568173
seq475,0.70117166766056582,2020-03-08,USA,2020.1837709547101
seq476,9.9999999939232899e-07,2020-03-08,Switzerland,2020.1837709566912
seq477,0.45653304187739363,2020-01-25,China/Hangzhou,2020.0599654453206
seq478,1.0000000027804597e-06,2020-02-28,USA,2020.1578581756562
seq479,2.0,2020-02-27,USA,2020.1549789757823
seq48,1.1526790509693825,2020-01-17,China/Wuhan,2020.0369318621783
seq480,2.0,2020-03-16,USA,2020.2068045378521
seq481,1.027203785997689,2020-03-02,USA,2020.1664957673536
seq482,2.0,2020-03-16,USA,2020.2068045378521
seq483,0.97290165831880893,2020-03-03,USA,2020.1693749652461
seq484,0.42491316567169651,2020-02-27,Taiwan,2020.1549789757823
seq485,1.0000000027804597e-06,2020-02-26,Taiwan,2020.1520997798705
seq486,9.9999999939232899e-07,2020-03-09,Netherlands,2020.186650154584
seq487,1.0000000027804597e-06,2020-03-02,Netherlands,2020.1664957693347
seq488,1.4533304011345858,2020-02-27,Taiwan,2020.1549789757823
seq489,2.0,2020-03-16,USA,2020.2068045378521
seq49,9.9999999600419868e-07,2020-01-18,China/Wuhan,2020.0398110620522
seq490,0.61345188329651312,2020-02-29,Australia,2020.1607373715678
seq491,0.97827009523167019,2020-03-11,USA,2020.1924085483884
seq492,1.1369427867221094,2020-02-27,USA,2020.1549789757823
seq493,0.5752842064376249,2020-02-27,USA,2020.1549789757823
seq494,0.98812507294249208,2020-02-20,Malaysia,2020.1348245905328
seq495,0.71847132998708141,2020-01-29,USA,2020.0714822368918
seq496,0.51759418502008336,2020-02-01,China,2020.0801198305701
seq497,9.9999999939232899e-07,2020-03-08,Finland,2020.1837709566912
seq498,0.68501644823054442,2020-03-05,Finland,2020.1751333610318
seq499,9.9999999939232899e-07,2020-03-07,Finland,2020.1808917587985
seq5,1.5212436896839447,2020-01-25,China/Hangzhou,2020.0599654453206
seq50,0.72117269738938772,2020-01-19,China/Shandong,2020.0426902579638
seq500,1.0000000027804597e-06,2020-02-27,Wales,2020.1549789777634
seq501,1.0000000027804597e-06,2020-03-04,Finland,2020.17225416512
seq502,1.0000000027804597e-06,2020-03-04,Wales,2020.17225416512
seq503,0.64046500587092536,2020-01-01,USA,2019.9908646958938
seq504,0.84311005018651619,2020-03-04,France,2020.1722541631389
seq505,0.61884118248842968,2020-01-08,China/Jingzhou,2020.0110190811433
seq506,1.0000000027804597e-06,2020-03-04,France,2020.17225416512
seq507,1.283901775304007,2020-01-28,USA,2020.0686030389991
seq508,0.62507909664042827,2020-03-15,Belgium,2020.2039253399596
seq509,9.9999999939064996e-07,2020-03-15,Belgium,2020.2039253419405
seq51,0.2487293450427556,2020-01-18,China/Beijing,2020.0398110600711
seq510,2.0,2020-03-15,Belgium,2020.2039253399596
seq511,0.46981009848247385,2020-03-15,Belgium,2020.2039253399596
seq512,2.0,2020-03-15,Belgium,2020.2039253399596
seq513,9.9999999939064996e-07,2020-03-15,Belgium,2020.2039253419405
seq514,1.4355123172749604,2020-03-20,USA,2020.2183213294236
seq515,0.97652733377935741,2020-03-20,USA,2020.2183213294236
seq516,0.60736902903619983,2020-01-24,China/Jiangsu,2020.0570862474276
seq517,9.9999999600419868e-07,2020-01-24,China/Jiangsu,2020.0570862494087
seq518,1.4533304010138839,2020-02-06,USA,2020.0945158200338
seq519,2.0,2020-02-10,USA,2020.1060326116051
seq52,2.0,2020-01-15,China/Sichuan,2020.0311734663928
seq520,0.61496686467856709,2020-02-11,USA,2020.1089118094978
seq521,9.9999999600419868e-07,2020-01-08,China,2020.0110190831244
seq522,1.0000000027804597e-06,2020-03-04,Spain,2020.17225416512
seq523,0.97652871881635783,2020-03-09,Belgium,2020.1866501526029
seq524,0.97652787690281295,2020-03-13,Belgium,2020.1981669441741
seq525,0.52773228340198231,2020-03-08,Belgium,2020.1837709547101
seq526,2.0,2020-03-14,Belgium,2020.2010461420668
seq527,0.66172436625314413,2020-03-14,Belgium,2020.2010461420668
seq528,1.0745363069832621,2020-03-13,Belgium,2020.1981669441741
seq529,9.9999999939232899e-07,2020-03-13,Belgium,2020.1981669461552
seq53,9.9999999600419868e-07,2020-01-29,USA,2020.0714822388729
seq530,0.86721992500585121,2020-01-23,China/Jiangsu,2020.0542070495349
seq531,0.97652696719766885,2020-03-14,Belgium,2020.2010461420668
seq532,0.62474866306423438,2020-02-07,Sweden,2020.0973950179266
seq533,9.9999999600419868e-07,2020-01-25,USA,2020.0599654473017
seq534,9.9999999600419868e-07,2020-01-25,USA,2020.0599654473017
seq535,2.0,2020-03-11,Australia,2020.1924085483884
seq536,9.9999999939232899e-07,2020-03-11,Australia,2020.1924085503695
seq537,0.91282968775038309,2020-01-24,Australia,2020.0570862474276
seq538,2.0,2020-03-11,Australia,2020.1924085483884
seq539,0.66821118205634489,2020-03-16,Brazil,2020.2068045378521
seq54,9.9999999600419868e-07,2020-01-29,USA,2020.0714822388729
seq540,9.9999999939232793e-07,2020-03-05,USA,2020.1751333630129
seq541,0.6570705844525857,2020-03-05,USA,2020.1751333610318
seq542,2.0,2020-03-05,USA,2020.1751333610318
seq543,9.9999999939232793e-07,2020-03-05,USA,2020.1751333630129
seq544,9.9999999600419868e-07,2020-01-30,SouthKorea,2020.0743614367655
seq545,0.56228814689105322,2020-01-31,SouthKorea,2020.0772406326771
seq546,2.0,2020-02-01,SouthKorea,2020.0801198305701
seq547,1.5187482620331025,2020-02-06,SouthKorea,2020.0945158200338
seq548,0.53524361802258902,2020-01-30,SouthKorea,2020.0743614347844
seq549,1.0000000027804597e-06,2020-02-23,USA,2020.1434621861924
seq55,9.9999999939232899e-07,2020-03-13,USA,2020.1981669461552
seq550,0.97652700910332979,2020-02-01,China,2020.0801198305701
seq551,2.0,2020-02-15,Japan,2020.1204286010689
seq552,0.97652753141594961,2020-03-08,Netherlands,2020.1837709547101
seq553,2.0,2020-03-09,Netherlands,2020.1866501526029
seq554,9.9999999939064975e-07,2020-03-09,Netherlands,2020.186650154584
seq555,9.9999999600419868e-07,2020-01-30,China/Shanghai,2020.0743614367655
seq556,1.0000000027804597e-06,2020-02-15,Japan,2020.12042860305
seq557,0.97652948864702915,2020-03-09,Netherlands,2020.1866501526029
seq558,9.9999999600419868e-07,2020-01-30,China/Shanghai,2020.0743614367655
seq559,1.0000000027787762e-06,2020-02-15,Japan,2020.12042860305
seq56,0.97652782741377386,2020-03-13,USA,2020.1981669441741
seq560,0.97652780485724378,2020-03-12,Netherlands,2020.1952877462811
seq561,1.0000000027804597e-06,2020-02-15,Japan,2020.12042860305
seq562,2.0,2020-03-13,Netherlands,2020.1981669441741
seq563,0.80701918009505014,2020-02-02,China/Shanghai,2020.0829990284628
seq564,1.0000000027804597e-06,2020-02-15,Japan,2020.12042860305
seq565,0.97082191081371538,2020-03-13,Netherlands,2020.1981669441741
seq566,2.0,2020-02-02,China/Shanghai,2020.0829990284628
seq567,1.0000000027787762e-06,2020-02-15,Japan,2020.12042860305
seq568,1.0916422897727796,2020-03-13,Netherlands,2020.1981669441741
seq569,0.86357101532307334,2020-02-01,China/Shanghai,2020.0801198305701
seq57,0.97652782741377375,2020-03-10,USA,2020.1895293504956
seq570,0.65399082934735009,2020-02-15,Japan,2020.1204286010689
seq571,9.9999999600419868e-07,2020-01-30,China/Shanghai,2020.0743614367655
seq572,1.0000000027804597e-06,2020-02-15,Japan,2020.12042860305
seq573,1.3140177652453662,2020-03-13,Netherlands,2020.1981669441741
seq574,0.98812900167195172,2020-02-06,China/Shanghai,2020.0945158200338
seq575,1.0000000027804597e-06,2020-02-15,Japan,2020.12042860305
seq576,0.55160410704362539,2020-02-03,China/Shanghai,2020.0858782263556
seq577,1.6303336576799123,2020-02-04,China/Shanghai,2020.0887574242483
seq578,0.96620387353992221,2020-02-15,Japan,2020.1204286010689
seq579,9.9999999600419868e-07,2020-02-01,China/Shanghai,2020.0801198325512
seq58,0.48298378991245,2020-03-13,USA,2020.1981669441741
seq580,9.9999999600419868e-07,2020-01-22,China/Guangdong,2020.0513278536234
seq581,9.9999999600419868e-07,2020-01-22,China/Foshan,2020.0513278536234
seq582,1.4533304010138839,2020-01-23,China/Guangdong,2020.0542070495349
seq583,9.9999999600419868e-07,2020-01-22,China/Guangzhou,2020.0513278536234
seq584,1.8836364743093745,2020-01-22,China/Foshan,2020.0513278516423
seq585,9.9999999600419868e-07,2020-01-22,China/Foshan,2020.0513278536234
seq586,9.9999999939232899e-07,2020-03-10,Netherlands,2020.1895293524767
seq587,0.97652931757940764,2020-03-11,Netherlands,2020.1924085483884
seq588,1.2593391022448721,2020-01-28,China/Shanghai,2020.0686030389991
seq589,2.0,2020-03-11,Netherlands,2020.1924085483884
seq59,9.9999999939232899e-07,2020-03-07,USA,2020.1808917587985
seq590,0.85468844651227194,2020-01-28,China/Shanghai,2020.0686030389991
seq591,9.9999999939232899e-07,2020-03-09,Netherlands,2020.186650154584
seq592,9.9999999939232899e-07,2020-03-09,Netherlands,2020.186650154584
seq593,0.97652755938927294,2020-03-10,Netherlands,2020.1895293504956
seq594,0.97652700910332979,2020-01-29,China/Shanghai,2020.0714822368918
seq595,0.966120764401456,2020-02-15,Japan,2020.1204286010689
seq596,0.97652787690281317,2020-03-12,Netherlands,2020.1952877462811
seq597,0.9765288192642968,2020-02-02,China/Shanghai,2020.0829990284628
seq598,0.99221532219259745,2020-02-15,Japan,2020.1204286010689
seq599,1.1005356292591348,2020-03-08,Netherlands,2020.1837709547101
seq6,2.0,2020-02-02,China/Hangzhou,2020.0829990284628
seq60,9.9999999939232899e-07,2020-03-11,USA,2020.1924085503695
seq600,0.97652700910332979,2020-01-29,China/Shanghai,2020.0714822368918
seq601,0.73804712110250004,2020-01-29,China/Shanghai,2020.0714822368918
seq602,0.093339197851542682,2020-02-15,Japan,2020.1204286010689
seq603,0.60588161724096801,2020-02-01,China/Shanghai,2020.0801198305701
seq604,9.9999999600419868e-07,2020-01-30,China/Shanghai,2020.0743614367655
seq605,1.0000000027804597e-06,2020-02-15,Japan,2020.12042860305
seq606,9.9999999600419868e-07,2020-01-28,China/Shanghai,2020.0686030409802
seq607,1.2005919867591004,2020-02-16,Japan,2020.1233077989618
seq608,9.9999999600419868e-07,2020-01-29,China/Shanghai,2020.0714822388729
seq609,1.0000000027804597e-06,2020-02-16,Japan,2020.1233078009429
seq61,0.95219427491087272,2020-03-14,USA,2020.2010461420668
seq610,1.0000000027804597e-06,2020-02-16,Japan,2020.1233078009429
seq611,9.999999960025152e-07,2020-02-04,China/Shanghai,2020.0887574262294
seq612,1.0000000027804597e-06,2020-02-16,Japan,2020.1233078009429
seq613,0.59237326428593962,2020-02-04,China/Shanghai,2020.0887574242483
seq614,1.0000000027804597e-06,2020-02-16,Japan,2020.1233078009429
seq615,1.4533304011345791,2020-02-16,Japan,2020.1233077989618
seq616,9.9999999600419868e-07,2020-01-30,China/Shanghai,2020.0743614367655
seq617,1.0000000027804597e-06,2020-02-16,Japan,2020.1233078009429
seq618,2.0,2020-02-16,Japan,2020.1233077989618
seq619,1.5332475064525977,2020-02-05,China/Shanghai,2020.0916366221413
seq62,1.0002593260964101,2020-03-10,USA,2020.1895293504956
seq620,0.41139340934541169,2020-02-04,China/Shanghai,2020.0887574242483
seq621,1.546669598986115,2020-02-16,Japan,2020.1233077989618
seq622,1.5466652389949194,2020-02-16,Japan,2020.1233077989618
seq623,0.97652733023542082,2020-02-06,China/Shanghai,2020.0945158200338
seq624,1.3073541767326833,2019-12-26,China/Wuhan,2019.9728697090641
seq625,2.0,2020-01-25,Australia,2020.0599654453206
seq626,2.0,2020-01-22,Australia,2020.0513278516423
seq627,1.0000000027804597e-06,2020-02-15,Japan,2020.12042860305
seq628,0.96627544935017706,2020-02-15,Japan,2020.1204286010689
seq629,0.36955892674722574,2020-03-10,Netherlands,2020.1895293504956
seq63,0.97652956189572426,2020-03-12,USA,2020.1952877462811
seq630,9.9999999939232899e-07,2020-03-07,Netherlands,2020.1808917587985
seq631,0.51954545392508555,2020-02-04,China/Shanghai,2020.0887574242483
seq632,0.96686762768431112,2020-02-15,Japan,2020.1204286010689
seq633,0.98812608275234226,2020-02-16,Japan,2020.1233077989618
seq634,9.9999999939232899e-07,2020-03-09,Netherlands,2020.186650154584
seq635,2.0,2020-02-02,China/Shanghai,2020.0829990284628
seq636,1.2117846821082574,2020-02-15,Japan,2020.1204286010689
seq637,1.2657574543484089,2020-03-10,Netherlands,2020.1895293504956
seq638,9.9999999600419868e-07,2020-02-01,China/Shanghai,2020.0801198325512
seq639,1.1850193544674883,2020-02-15,Japan,2020.1204286010689
seq64,9.9999999939232899e-07,2020-03-06,USA,2020.1780125609057
seq640,2.0,2020-03-09,Netherlands,2020.1866501526029
seq641,0.82140542549708739,2020-03-09,Netherlands,2020.1866501526029
seq642,0.65807396266096119,2020-02-16,Japan,2020.1233077989618
seq643,1.0000000027804597e-06,2020-02-16,Japan,2020.1233078009429
seq644,9.999999960041936e-07,2020-01-01,Netherlands,2019.9908646978749
seq645,1.2458961296443232,2020-02-16,Japan,2020.1233077989618
seq646,1.110488631014616,2020-02-06,China/Shanghai,2020.0945158200338
seq647,0.9765288192642968,2020-01-30,China/Shanghai,2020.0743614347844
seq648,2.0,2020-02-01,China/Shanghai,2020.0801198305701
seq649,9.9999999600419868e-07,2020-02-01,China/Shanghai,2020.0801198325512
seq65,9.9999999939232899e-07,2020-03-13,USA,2020.1981669461552
seq650,9.9999999600419868e-07,2020-02-05,China/Shanghai,2020.0916366241222
seq651,1.4057140092437097,2020-02-07,China/Shanghai,2020.0973950179266
seq652,9.9999999600419868e-07,2020-02-01,China/Shanghai,2020.0801198325512
seq653,2.0,2020-02-07,China/Shanghai,2020.0973950179266
seq654,0.98812507376724612,2020-01-30,China/Shanghai,2020.0743614347844
seq655,9.9999999600419868e-07,2020-01-25,Taiwan,2020.0599654473017
seq656,0.66996300005602694,2020-01-01,China/Wuhan,2019.9908646958938
seq657,9.999999960041936e-07,2020-01-01,China/Wuhan,2019.9908646978749
seq658,0.96630195732132551,2020-02-01,China/Shanghai,2020.0801198305701
seq659,0.98813210709383015,2020-02-08,China/Shanghai,2020.1002742158196
seq66,2.0,2020-03-18,USA,2020.2125629336379
seq660,0.33793359765813547,2020-01-30,China/Shanghai,2020.0743614347844
seq661,1.7032423176509464,2020-02-02,China/Shanghai,2020.0829990284628
seq662,9.9999999600419868e-07,2020-02-08,China/Shanghai,2020.1002742178007
seq663,9.9999999600419868e-07,2020-02-05,China/Shanghai,2020.0916366241222
seq664,0.61452443025097303,2020-02-05,China/Shanghai,2020.0916366221413
seq665,0.68010764105440868,2020-01-30,China/Shanghai,2020.0743614347844
seq666,0.73137381112624567,2020-02-01,China/Shanghai,2020.0801198305701
seq667,2.0,2020-01-24,Australia,2020.0570862474276
seq668,9.9999999600419868e-07,2020-01-28,Australia,2020.0686030409802
seq669,1.6394047632413151,2020-01-27,Cambodia,2020.0657238411061
seq67,9.9999999939232899e-07,2020-03-13,USA,2020.1981669461552
seq670,0.65942113423186433,2020-01-30,Australia,2020.0743614347844
seq671,9.999999960025152e-07,2020-02-09,China/Shanghai,2020.1031534156934
seq672,2.0,2020-02-14,China/Shanghai,2020.1175494031761
seq673,0.65778914521751275,2020-02-02,China/Shanghai,2020.0829990284628
seq674,1.1703033709428687,2020-02-02,China/Shanghai,2020.0829990284628
seq675,2.0,2020-03-02,Denmark,2020.1664957673536
seq676,0.80927496934354604,2020-02-10,China/Shanghai,2020.1060326116051
seq677,0.68052853557993054,2020-03-05,Belgium,2020.1751333610318
seq678,9.9999999939232899e-07,2020-03-07,Spain,2020.1808917587985
seq679,1.4441110893359315,2020-02-13,China/Shanghai,2020.1146702052833
seq68,9.9999999939232899e-07,2020-03-06,USA,2020.1780125609057
seq680,1.4533304011321353,2020-03-05,Belgium,2020.1751333610318
seq681,9.9999999939232899e-07,2020-03-07,Belgium,2020.1808917587985
seq682,9.9999999939232899e-07,2020-03-07,Belgium,2020.1808917587985
seq683,1.6789524066665906,2020-01-16,China/Shenzhen,2020.0340526642856
seq684,0.35357186916164529,2020-01-16,China/Shenzhen,2020.0340526642856
seq685,9.9999999600419868e-07,2020-01-23,France,2020.054207051516
seq686,9.9999999600419868e-07,2020-01-23,France,2020.054207051516
seq687,0.093339197972241716,2020-01-13,China/Shenzhen,2020.0254150706073
seq688,1.06172537701072,2020-01-31,China/Shanghai,2020.0772406326771
seq689,0.093327571329044026,2020-03-02,Denmark,2020.1664957673536
seq69,0.98812858358217859,2020-03-13,USA,2020.1981669441741
seq690,0.59181661419864384,2020-02-08,China/Shanghai,2020.1002742158196
seq691,1.0000000027804597e-06,2020-03-03,Denmark,2020.1693749672272
seq692,9.999999960025152e-07,2020-02-09,China/Shanghai,2020.1031534156934
seq693,2.0,2020-02-01,China/Shanghai,2020.0801198305701
seq694,0.9668696088540949,2020-03-01,Denmark,2020.1636165694606
seq695,0.98742130643275083,2020-02-01,China/Shanghai,2020.0801198305701
seq696,0.99788252183072024,2020-02-26,Denmark,2020.1520997778894
seq697,0.58073103663685011,2020-02-04,China/Shanghai,2020.0887574242483
seq698,2.0,2020-02-28,Denmark,2020.1578581736751
seq699,1.528323942601197,2020-01-21,China/Shanghai,2020.0484486537496
seq7,0.67754743550926522,2020-01-29,Japan,2020.0714822368918
seq70,0.60589612648302715,2020-03-07,USA,2020.1808917568173
seq700,9.9999999600419868e-07,2020-01-24,Taiwan,2020.0570862494087
seq701,9.9999999600419868e-07,2020-01-28,Taiwan,2020.0686030409802
seq702,0.30802870134601773,2020-01-01,SouthKorea,2019.9908646958938
seq703,0.68847558299627321,2020-01-11,China/Shenzhen,2020.0196566748216
seq704,9.9999999939232899e-07,2020-03-07,Netherlands,2020.1808917587985
seq705,2.0,2020-02-27,Georgia,2020.1549789757823
seq706,2.0,2020-03-03,England,2020.1693749652461
seq707,2.0,2020-03-08,Scotland,2020.1837709547101
seq708,1.0000000027787781e-06,2020-03-03,England,2020.1693749672272
seq709,9.9999999939232899e-07,2020-03-08,Netherlands,2020.1837709566912
seq71,2.0,2020-03-13,USA,2020.1981669441741
seq710,0.64383883699134747,2020-03-10,Georgia,2020.1895293504956
seq711,2.0,2020-03-10,Georgia,2020.1895293504956
seq712,1.0000000027804597e-06,2020-03-03,England,2020.1693749672272
seq713,0.97653506292005254,2020-03-06,Netherlands,2020.1780125589246
seq714,0.4926416382215798,2020-03-08,Netherlands,2020.1837709547101
seq715,0.70060614141329547,2020-02-28,Georgia,2020.1578581736751
seq716,0.63423193651433996,2020-03-06,Netherlands,2020.1780125589246
seq717,0.9765273337793573,2020-03-03,Denmark,2020.1693749652461
seq718,9.9999999939232899e-07,2020-03-07,England,2020.1808917587985
seq719,2.0,2020-03-08,Netherlands,2020.1837709547101
seq72,0.82770368772327418,2020-02-29,Brazil,2020.1607373715678
seq720,1.0000000027804597e-06,2020-03-03,Denmark,2020.1693749672272
seq721,0.093336291311275105,2020-03-09,England,2020.1866501526029
seq722,2.0,2020-02-20,Japan,2020.1348245905328
seq723,0.9492868583024463,2020-03-03,Netherlands,2020.1693749652461
seq724,1.5717344648768083,2020-03-13,USA,2020.1981669441741
seq725,1.0000000027787781e-06,2020-03-04,Netherlands,2020.17225416512
seq726,9.9999999939232899e-07,2020-03-13,USA,2020.1981669461552
seq727,0.98812710417426786,2020-03-13,USA,2020.1981669441741
seq728,1.5718706742661506,2020-03-13,USA,2020.1981669441741
seq729,9.999999960041936e-07,2020-01-01,China,2019.9908646978749
seq73,1.0987102153249142,2020-03-02,Kuwait,2020.1664957673536
seq730,9.999999960041936e-07,2020-01-01,China,2019.9908646978749
seq731,1.4158774277060895,2020-01-01,China,2019.9908646958938
seq732,0.5740444719081631,2020-03-09,Scotland,2020.1866501526029
seq733,9.999999960041936e-07,2020-01-01,China,2019.9908646978749
seq734,9.9999999939232899e-07,2020-03-13,USA,2020.1981669461552
seq735,1.6015751764424744,2020-03-10,Scotland,2020.1895293504956
seq736,0.093334837860340247,2020-03-03,Netherlands,2020.1693749652461
seq737,1.0000000027804597e-06,2020-02-28,USA,2020.1578581756562
seq738,9.9999999600251436e-07,2020-02-01,China,2020.0801198325512
seq739,0.97652707201666877,2020-02-29,Australia,2020.1607373715678
seq74,1.0000000027787781e-06,2020-02-29,England,2020.160737373549
seq740,9.9999999939232899e-07,2020-03-13,USA,2020.1981669461552
seq741,1.0000000027804597e-06,2020-02-20,USA,2020.134824592514
seq742,2.0,2020-02-29,Australia,2020.1607373715678
seq743,9.9999999939232899e-07,2020-03-13,USA,2020.1981669461552
seq744,1.0000000027804597e-06,2020-02-29,USA,2020.160737373549
seq745,9.9999999939232899e-07,2020-03-12,USA,2020.1952877482622
seq746,0.97652677896208495,2020-03-01,USA,2020.1636165694606
seq747,2.0,2020-03-14,USA,2020.2010461420668
seq748,0.38194244904282781,2020-03-09,USA,2020.1866501526029
seq749,9.9999999939232835e-07,2020-03-15,USA,2020.2039253419405
seq75,9.999999960025152e-07,2020-02-01,Singapore,2020.0801198325512
seq750,0.45683391207032731,2020-03-14,USA,2020.2010461420668
seq751,1.0000000027804597e-06,2020-03-04,Scotland,2020.17225416512
seq752,2.0,2020-03-15,USA,2020.2039253399596
seq753,2.0,2020-03-13,USA,2020.1981669441741
seq754,9.9999999939232899e-07,2020-03-14,USA,2020.201046144048
seq755,0.5810006360479143,2020-03-06,France,2020.1780125589246
seq756,1.4533304010114341,2020-03-08,Chile,2020.1837709547101
seq757,0.97652704802500412,2020-02-22,HongKong,2020.1405829863183
seq758,9.9999999939064699e-07,2020-03-07,Chile,2020.1808917587985
seq759,0.97652928796396377,2020-03-07,France,2020.1808917568173
seq76,9.9999999600419868e-07,2020-01-25,Singapore,2020.0599654473017
seq760,9.9999999939232899e-07,2020-03-06,France,2020.1780125609057
seq761,2.0,2020-03-07,France,2020.1808917568173
seq762,0.093339197972231433,2020-03-06,France,2020.1780125589246
seq763,0.90451712433934095,2020-03-01,USA,2020.1636165694606
seq764,1.1142853673098063,2020-03-05,France,2020.1751333610318
seq765,1.4123344838149046,2020-03-01,USA,2020.1636165694606
seq766,9.9999999939232899e-07,2020-03-06,France,2020.1780125609057
seq767,0.91151898484167759,2020-03-04,Spain,2020.1722541631389
seq768,1.0801728432692059,2020-03-04,France,2020.1722541631389
seq769,1.0000000027804597e-06,2020-02-28,Germany,2020.1578581756562
seq77,0.50899825226851736,2020-03-11,USA,2020.1924085483884
seq770,2.0,2020-03-04,Chile,2020.1722541631389
seq771,0.59821409760680444,2020-03-07,France,2020.1808917568173
seq772,9.9999999939232835e-07,2020-03-15,Australia,2020.2039253419405
seq773,0.9765040919915422,2020-03-03,Italy,2020.1693749652461
seq774,1.0000000027804597e-06,2020-03-02,Chile,2020.1664957693347
seq775,1.3302081986957048,2020-03-08,France,2020.1837709547101
seq776,1.4533304010138794,2020-03-16,Australia,2020.2068045378521
seq777,0.73390581015476453,2020-03-07,France,2020.1808917568173
seq778,2.0,2020-03-05,Belgium,2020.1751333610318
seq779,1.0000000027787777e-06,2020-03-03,Chile,2020.1693749672272
seq78,0.093339197972238205,2020-03-10,USA,2020.1895293504956
seq780,2.0,2020-03-06,France,2020.1780125589246
seq781,9.9999999939232835e-07,2020-03-15,Australia,2020.2039253419405
seq782,0.093327571329023792,2020-03-06,France,2020.1780125589246
seq783,1.8953986534918927,2020-03-12,Wales,2020.1952877462811
seq784,0.69974158466718528,2020-03-06,France,2020.1780125589246
seq785,1.0000000027804597e-06,2020-03-03,France,2020.1693749672272
seq786,0.66892011885433211,2020-03-04,France,2020.1722541631389
seq787,1.0822758171371454,2020-03-05,France,2020.1751333610318
seq788,1.0801728432692059,2020-03-04,France,2020.1722541631389
seq789,0.9765290969556818,2020-01-22,China/Fujian,2020.0513278516423
seq79,2.0,2020-02-27,Switzerland,2020.1549789757823
seq790,9.9999999600419868e-07,2020-01-21,China/Fujian,2020.0484486557307
seq791,9.9999999939232793e-07,2020-03-05,Netherlands,2020.1751333630129
seq792,2.0,2020-03-02,France,2020.1664957673536
seq793,0.62412080833655936,2020-03-03,Netherlands,2020.1693749652461
seq794,1.1143680387753383,2020-03-05,France,2020.1751333610318
seq795,9.9999999600419868e-07,2020-02-01,CzechRepublic,2020.0801198325512
seq796,0.61462330998496462,2020-03-03,Netherlands,2020.1693749652461
seq797,1.1142853673098063,2020-03-05,France,2020.1751333610318
seq798,0.97652753141594961,2020-03-10,France,2020.1895293504956
seq799,2.0,2020-03-01,CzechRepublic,2020.1636165694606
seq8,2.0,2020-02-25,Germany,2020.1492205799966
seq80,1.2254846465239873,2020-03-10,USA,2020.1895293504956
seq800,0.9295565690083486,2020-03-09,France,2020.1866501526029
seq801,1.0000000027804597e-06,2020-03-03,England,2020.1693749672272
seq802,2.0,2020-03-08,Netherlands,2020.1837709547101
seq803,9.9999999600419868e-07,2020-02-01,Lithuania,2020.0801198325512
seq804,2.0,2020-03-12,Wales,2020.1952877462811
seq805,1.0000000027804597e-06,2020-03-02,France,2020.1664957693347
seq806,1.2271992517621499,2020-03-03,France,2020.1693749652461
seq807,9.9999999939232899e-07,2020-03-06,Netherlands,2020.1780125609057
seq808,1.2593258845136273,2020-03-12,Wales,2020.1952877462811
seq809,1.0000000027804597e-06,2020-03-02,France,2020.1664957693347
seq81,0.97650785488043124,2020-03-15,USA,2020.2039253399596
seq810,1.0000000027804597e-06,2020-03-04,France,2020.17225416512
seq811,0.97652858635923911,2020-02-12,HongKong,2020.1117910073906
seq812,2.0,2020-03-06,Chile,2020.1780125589246
seq813,0.97652956226408116,2020-02-26,France,2020.1520997778894
seq814,0.51772187907802636,2020-03-20,Hungary,2020.2183213294236
seq815,2.0,2020-03-12,Wales,2020.1952877462811
seq816,0.94573886267666052,2020-03-01,France,2020.1636165694606
seq817,0.36316301026412917,2020-03-10,France,2020.1895293504956
seq818,0.97652728710873626,2020-03-05,France,2020.1751333610318
seq819,2.0,2020-03-09,England,2020.1866501526029
seq82,1.2763276552241518,2020-03-09,USA,2020.1866501526029
seq820,0.97652898859213966,2020-03-07,Netherlands,2020.1808917568173
seq821,0.98233973808649533,2020-03-03,Denmark,2020.1693749652461
seq822,9.999999960041936e-07,2019-12-30,China/Wuhan,2019.9843865026162
seq823,0.8336666241141405,2020-03-09,USA,2020.1866501526029
seq824,9.9999999939232899e-07,2020-03-06,USA,2020.1780125609057
seq825,0.76045514691987792,2020-03-06,USA,2020.1780125589246
seq826,9.9999999939232793e-07,2020-03-05,USA,2020.1751333630129
seq827,0.50868701201478439,2020-02-27,Switzerland,2020.1549789757823
seq828,2.0,2020-03-05,USA,2020.1751333610318
seq829,0.48872945270581819,2020-02-29,Switzerland,2020.1607373715678
seq83,2.0,2020-03-10,USA,2020.1895293504956
seq830,1.0954294306838364,2020-03-04,USA,2020.1722541631389
seq831,1.0000000027787781e-06,2020-02-29,Switzerland,2020.160737373549
seq832,0.74909344314913284,2020-02-29,Switzerland,2020.1607373715678
seq833,0.96714063923584859,2020-03-05,USA,2020.1751333610318
seq834,1.0000000027804597e-06,2020-02-29,Switzerland,2020.160737373549
seq835,0.41195236425903864,2020-03-04,USA,2020.1722541631389
seq836,0.48184468223151872,2020-02-27,USA,2020.1549789757823
seq837,0.69139146750349456,2020-03-15,NewZealand,2020.2039253399596
seq838,9.9999999600419868e-07,2020-01-20,China/Hangzhou,2020.0455694578377
seq839,1.37675748952037,2019-12-30,China/Wuhan,2019.9843865006351
seq84,0.86754487029206884,2020-03-14,USA,2020.2010461420668
seq840,9.999999960041936e-07,2019-12-30,China/Wuhan,2019.9843865026162
seq841,1.7356260438982081,2020-01-23,Singapore,2020.0542070495349
seq842,1.8955699330315137,2020-02-27,NewZealand,2020.1549789757823
seq843,9.999999960041936e-07,2019-12-30,China/Wuhan,2019.9843865026162
seq844,9.999999960041936e-07,2020-01-02,China,2019.9937438957679
seq845,9.999999960041936e-07,2020-01-02,China,2019.9937438957679
seq846,0.96678500940393119,2020-03-05,Chile,2020.1751333610318
seq847,9.9999999939232899e-07,2020-03-10,SaudiArabia,2020.1895293524767
seq848,1.0000000027804597e-06,2020-03-03,Ireland,2020.1693749672272
seq849,2.0,2020-01-25,Canada,2020.0599654453206
seq85,1.0000000027804597e-06,2020-02-27,Switzerland,2020.1549789777634
seq850,2.0,2020-03-03,Ireland,2020.1693749652461
seq851,9.9999999939232899e-07,2020-03-10,SaudiArabia,2020.1895293524767
seq852,0.72617042288531941,2020-03-07,USA,2020.1808917568173
seq853,0.97652681526708696,2020-02-28,Brazil,2020.1578581736751
seq854,0.62999779473923445,2020-02-06,SouthKorea,2020.0945158200338
seq855,1.3303155955095003,2020-03-11,Japan,2020.1924085483884
seq856,1.8607512951647265,2020-02-06,SouthKorea,2020.0945158200338
seq857,2.0,2020-03-11,Japan,2020.1924085483884
seq858,1.0000000027787781e-06,2020-03-02,NewZealand,2020.1664957693347
seq859,1.4158774277060895,2020-01-01,China/Wuhan,2019.9908646958938
seq86,9.9999999939232899e-07,2020-03-09,USA,2020.186650154584
seq860,0.85192441600353674,2019-12-24,China/Wuhan,2019.9671113132786
seq861,9.999999960041936e-07,2019-12-30,China/Wuhan,2019.9843865026162
seq862,1.376806747275767,2019-12-30,China/Wuhan,2019.9843865006351
seq863,0.60607463846143428,2019-12-30,China/Wuhan,2019.9843865006351
seq864,1.3768212744894617,2019-12-30,China/Wuhan,2019.9843865006351
seq865,9.999999960041936e-07,2019-12-31,China/Wuhan-Hu-1,2019.9872657005089
seq866,9.9999999939232899e-07,2020-03-10,Netherlands,2020.1895293524767
seq867,9.9999999939232899e-07,2020-03-09,Netherlands,2020.186650154584
seq868,9.9999999939232899e-07,2020-03-09,Netherlands,2020.186650154584
seq869,2.0,2020-03-09,Netherlands,2020.1866501526029
seq87,9.9999999939232899e-07,2020-03-11,USA,2020.1924085503695
seq870,9.9999999939232899e-07,2020-03-10,Netherlands,2020.1895293524767
seq871,0.97652651888662645,2020-02-07,HongKong,2020.0973950179266
seq872,9.999999960041936e-07,2020-01-01,Netherlands,2019.9908646978749
seq873,1.4533304010114381,2020-03-10,Netherlands,2020.1895293504956
seq874,9.9999999939232899e-07,2020-03-09,Netherlands,2020.186650154584
seq875,9.9999999939232899e-07,2020-03-10,Netherlands,2020.1895293524767
seq876,1.8533120674503585,2020-01-25,China/Shanghai,2020.0599654453206
seq877,2.0,2020-03-10,Netherlands,2020.1895293504956
seq878,0.97652700910332979,2020-01-28,China/Shanghai,2020.0686030389991
seq879,9.9999999600419868e-07,2020-01-25,China/Shanghai,2020.0599654473017
seq88,1.0000000027804597e-06,2020-02-27,Switzerland,2020.1549789777634
seq880,0.73491712636892448,2020-03-02,Kuwait,2020.1664957673536
seq881,1.0000000027804597e-06,2020-03-04,USA,2020.17225416512
seq882,0.48797320005306827,2020-02-28,Switzerland,2020.1578581736751
seq883,0.84701607524624944,2020-02-29,Switzerland,2020.1607373715678
seq884,1.1670603119827305,2020-03-05,USA,2020.1751333610318
seq885,1.0000000027804597e-06,2020-02-27,Switzerland,2020.1549789777634
seq886,2.0,2020-03-02,Kuwait,2020.1664957673536
seq887,9.9999999939232793e-07,2020-03-05,USA,2020.1751333630129
seq888,2.0,2020-02-28,Switzerland,2020.1578581736751
seq889,1.0986189237377968,2020-03-02,Kuwait,2020.1664957673536
seq89,1.611491038662334,2020-03-10,USA,2020.1895293504956
seq890,1.0000000027804597e-06,2020-03-01,Switzerland,2020.1636165714417
seq891,9.9999999939232793e-07,2020-03-05,USA,2020.1751333630129
seq892,1.0000000027804597e-06,2020-02-29,Switzerland,2020.160737373549
seq893,2.0,2020-03-05,USA,2020.1751333610318
seq894,1.0000000027804597e-06,2020-02-27,Switzerland,2020.1549789777634
seq895,1.0000000027804597e-06,2020-02-29,Switzerland,2020.160737373549
seq896,1.0330228515647766,2020-03-15,NewZealand,2020.2039253399596
seq897,2.0,2020-01-30,China/Guangdong,2020.0743614347844
seq898,2.0,2020-02-01,China/Guangdong,2020.0801198305701
seq899,1.0000000027804597e-06,2020-02-18,USA,2020.1290661967282
seq9,0.74572068294935512,2020-01-31,Japan,2020.0772406326771
seq90,2.0,2020-03-10,USA,2020.1895293504956
seq900,9.9999999600419868e-07,2020-02-01,China/Guangdong,2020.0801198325512
seq901,1.0000000027804597e-06,2020-02-18,USA,2020.1290661967282
seq902,0.98659205462196897,2020-02-01,China/Guangdong,2020.0801198305701
seq903,2.0,2020-02-24,USA,2020.1463413821041
seq904,1.4533304010138839,2020-02-09,China/Guangdong,2020.1031534137123
seq905,2.0,2020-02-17,USA,2020.1261869968546
seq906,2.0,2020-02-07,China/Guangdong,2020.0973950179266
seq907,1.0000000027804597e-06,2020-02-17,USA,2020.1261869988357
seq908,1.2636676738003707,2020-02-07,China/Guangdong,2020.0973950179266
seq909,2.0,2020-02-17,USA,2020.1261869968546
seq91,1.1307041580491248,2020-03-09,USA,2020.1866501526029
seq910,0.45820717359214752,2020-01-31,China/Guangdong,2020.0772406326771
seq911,1.9333977168291372,2020-02-17,USA,2020.1261869968546
seq912,9.9999999600419868e-07,2020-01-30,China/Guangdong,2020.0743614367655
seq913,2.0,2020-02-20,USA,2020.1348245905328
seq914,1.0000000027804597e-06,2020-02-20,USA,2020.134824592514
seq915,1.4796300735390009,2020-02-25,USA,2020.1492205799966
seq916,2.0,2020-01-30,China/Shandong,2020.0743614347844
seq917,1.282423776031645,2020-01-30,China/Guangdong,2020.0743614347844
seq918,1.0000000027804597e-06,2020-02-21,USA,2020.1377037904067
seq919,9.9999999600419868e-07,2020-01-25,China/Shandong,2020.0599654473017
seq92,9.9999999939232899e-07,2020-03-10,USA,2020.1895293524767
seq920,2.0,2020-01-30,China/Guangdong,2020.0743614347844
seq921,2.0,2020-02-21,USA,2020.1377037884256
seq922,2.0,2020-01-30,China/Guangdong,2020.0743614347844
seq923,0.40010898730881628,2020-02-17,USA,2020.1261869968546
seq924,2.0,2020-01-30,China/Guangdong,2020.0743614347844
seq925,0.98856720686520794,2020-03-03,Finland,2020.1693749652461
seq926,2.0,2020-03-03,Finland,2020.1693749652461
seq927,0.96511459011757661,2020-03-03,Finland,2020.1693749652461
seq928,0.68930060012954675,2020-01-23,China/Shandong,2020.0542070495349
seq929,1.764358568445543,2020-02-17,USA,2020.1261869968546
seq93,0.9874242116675559,2020-03-10,USA,2020.1895293504956
seq930,0.70642303928841499,2020-01-24,China/Shandong,2020.0570862474276
seq931,2.0,2020-02-18,USA,2020.1290661947471
seq932,0.53505455550368164,2020-01-26,China/Shandong,2020.0628446432133
seq933,1.0000000027804597e-06,2020-02-18,USA,2020.1290661967282
seq934,1.0317988656458128,2020-02-21,USA,2020.1377037884256
seq935,9.9999999600419868e-07,2020-01-28,France,2020.0686030409802
seq936,2.0,2020-02-02,France,2020.0829990284628
seq937,9.9999999600419868e-07,2020-01-28,France,2020.0686030409802
seq938,2.0,2020-02-20,Malaysia,2020.1348245905328
seq939,9.9999999600419868e-07,2020-01-25,SouthKorea,2020.0599654473017
seq94,2.0,2020-03-14,USA,2020.2010461420668
seq940,9.9999999600419868e-07,2020-02-05,China/Guangdong,2020.0916366241222
seq941,2.0,2020-02-02,China/Shanghai,2020.0829990284628
seq942,2.0,2020-03-10,USA,2020.1895293504956
seq943,9.999999960041936e-07,2020-01-01,Japan,2019.9908646978749
seq944,1.0427664457194379,2020-03-09,USA,2020.1866501526029
seq945,0.9765284572886469,2020-03-10,USA,2020.1895293504956
seq946,0.82844739263708889,2020-03-10,USA,2020.1895293504956
seq947,1.0000000027804597e-06,2020-02-27,Germany,2020.1549789777634
seq948,0.97652738602914524,2020-02-28,Germany,2020.1578581736751
seq949,1.2592566237326421,2020-03-03,England,2020.1693749652461
seq95,1.453330401013887,2020-03-01,Switzerland,2020.1636165694606
seq950,1.4533304010138735,2020-03-04,England,2020.1722541631389
seq951,1.0000000027804597e-06,2020-03-01,Portugal,2020.1636165714417
seq952,0.95749217583490054,2020-03-01,Portugal,2020.1636165694606
seq953,1.0000000027804597e-06,2020-03-04,Netherlands,2020.17225416512
seq954,0.40496959181363257,2020-03-13,USA,2020.1981669441741
seq955,0.78219165497148768,2020-03-05,Netherlands,2020.1751333610318
seq956,1.4353971797947482,2020-03-09,USA,2020.1866501526029
seq957,0.97652847326856274,2020-03-09,USA,2020.1866501526029
seq958,2.0,2020-03-04,Netherlands,2020.1722541631389
seq959,2.0,2020-03-06,Netherlands,2020.1780125589246
seq96,2.0,2020-03-09,USA,2020.1866501526029
seq960,1.2341519082667041,2020-03-15,USA,2020.2039253399596
seq961,0.97652698670190319,2020-03-09,USA,2020.1866501526029
seq962,2.0,2020-03-14,USA,2020.2010461420668
seq963,1.5466681456557205,2020-03-09,USA,2020.1866501526029
seq964,0.97652677896208495,2020-03-15,USA,2020.2039253399596
seq965,2.0,2020-03-09,USA,2020.1866501526029
seq966,2.0,2020-02-09,England,2020.1031534137123
seq967,9.9999999939064742e-07,2020-03-06,Netherlands,2020.1780125609057
seq968,2.0,2020-03-14,USA,2020.2010461420668
seq969,9.9999999939232899e-07,2020-03-08,USA,2020.1837709566912
seq97,1.5466695989861201,2020-03-14,USA,2020.2010461420668
seq970,0.98119035762881845,2020-02-09,HongKong,2020.1031534137123
seq971,2.0,2020-03-13,USA,2020.1981669441741
seq972,0.92644837146506842,2020-03-08,USA,2020.1837709547101
seq973,2.0,2020-03-03,England,2020.1693749652461
seq974,1.4533304010138819,2020-03-14,USA,2020.2010461420668
seq975,1.0000000027804597e-06,2020-03-04,Netherlands,2020.17225416512
seq976,2.0,2020-02-10,HongKong,2020.1060326116051
seq977,9.9999999939232899e-07,2020-03-09,USA,2020.186650154584
seq978,9.9999999939232899e-07,2020-03-13,USA,2020.1981669461552
seq979,9.9999999939232899e-07,2020-03-09,USA,2020.186650154584
seq98,9.9999999939232899e-07,2020-03-09,USA,2020.186650154584
seq980,9.9999999939232899e-07,2020-03-14,USA,2020.201046144048
seq981,0.99242593453442496,2020-03-13,USA,2020.1981669441741
seq982,1.9156907438998845,2020-03-02,Germany,2020.1664957673536
seq983,1.3384377784452481,2020-03-02,Germany,2020.1664957673536
seq984,1.0000000027804597e-06,2020-02-27,England,2020.1549789777634
seq985,0.97652877556014084,2020-03-13,USA,2020.1981669441741
seq986,0.6252286386032484,2020-02-28,England,2020.1578581736751
seq987,9.9999999939232899e-07,2020-03-09,USA,2020.186650154584
seq988,0.97426595646820435,2020-03-13,USA,2020.1981669441741
seq989,1.4533304011345773,2020-03-09,USA,2020.1866501526029
seq99,9.9999999939232899e-07,2020-03-10,USA,2020.1895293524767
seq990,1.0000000027804597e-06,2020-03-02,England,2020.1664957693347
seq991,0.79517793947551529,2020-03-13,USA,2020.1981669441741
seq992,9.9999999939232899e-07,2020-03-09,USA,2020.186650154584
seq993,2.0,2020-03-01,England,2020.1636165694606
seq994,1.4533304011345807,2020-03-13,USA,2020.1981669441741
seq995,0.59878448769873371,2020-03-05,USA,2020.1751333610318
seq996,9.9999999939232899e-07,2020-03-10,USA,2020.1895293524767
seq997,1.4533304010138803,2020-02-25,HongKong,2020.1492205799966
seq998,9.9999999939232899e-07,2020-03-08,USA,2020.1837709566912
seq999,9.9999999939232899e-07,2020-03-08,USA,2020.1837709566912
